{"type":"FeatureCollection","features":[{"type":"Feature","properties":{"name":"Koshi","code":"P1","number":1},"geometry":{"type":"Polygon","coordinates":[[[86.5824,28.1105],[86.5908,28.1078],[86.5925,28.1039],[86.6037,28.1021],[86.6068,28.0999],[86.6104,28.0919],[86.605,28.0873],[86.6063,28.0822],[86.6108,28.0758],[86.6164,28.0733],[86.628,28.074],[86.6372,28.0705],[86.6414,28.0732],[86.6524,28.0746],[86.6604,28.0809],[86.6636,28.0948],[86.6661,28.0977],[86.6752,28.1021],[86.6829,28.1034],[86.6915,28.1084],[86.7075,28.1076],[86.7104,28.1058],[86.7179,28.1077],[86.7291,28.1034],[86.7407,28.1035],[86.7446,28.0982],[86.7483,28.0981],[86.7508,28.0947],[86.7498,28.0858],[86.7533,28.0811],[86.7558,28.0791],[86.7633,28.0775],[86.7674,28.0744],[86.7577,28.0679],[86.7551,28.0634],[86.7534,28.0534],[86.7493,28.0503],[86.7496,28.0454],[86.7518,28.0442],[86.7554,28.0377],[86.7611,28.0348],[86.7758,28.0378],[86.7826,28.0314],[86.7817,28.0271],[86.7887,28.0235],[86.7925,28.0187],[86.8051,28.0234],[86.8143,28.0188],[86.8212,28.0199],[86.8283,28.0174],[86.8305,28.015],[86.8383,28.0151],[86.8409,28.0173],[86.8498,28.0196],[86.8506,28.0245],[86.8545,28.0275],[86.8699,28.025],[86.875,28.0219],[86.8734,28.0135],[86.8755,28.0103],[86.8814,28.0066],[86.8841,28.0026],[86.8915,27.9995],[86.8924,27.9967],[86.9114,27.9929],[86.9198,27.9889],[86.9278,27.9876],[86.9284,27.9841],[86.9355,27.9778],[86.9349,27.9655],[86.9369,27.9618],[86.9519,27.9566],[86.9756,27.9541],[86.9848,27.9493],[86.9902,27.9507],[86.9947,27.9546],[87.0113,27.9532],[87.0182,27.9575],[87.0267,27.9498],[87.0416,27.9502],[87.0483,27.9382],[87.0528,27.934],[87.0559,27.9264],[87.0683,27.9237],[87.0808,27.9154],[87.0803,27.9026],[87.0845,27.8992],[87.0886,27.8906],[87.091,27.8893],[87.0913,27.8824],[87.1063,27.8779],[87.1097,27.8747],[87.1106,27.8541],[87.1125,27.8478],[87.1184,27.8401],[87.1244,27.8391],[87.1288,27.834],[87.1351,27.8366],[87.143,27.8369],[87.1553,27.8294],[87.1592,27.8242],[87.1744,27.8209],[87.1815,27.8205],[87.1856,27.822],[87.1957,27.8197],[87.2028,27.822],[87.2073,27.8207],[87.2203,27.8233],[87.2261,27.8225],[87.2282,27.8195],[87.2412,27.8392],[87.25,27.8433],[87.2525,27.8428],[87.263,27.8507],[87.2663,27.8494],[87.268,27.8507],[87.2873,27.8443],[87.2904,27.8457],[87.2958,27.8435],[87.3061,27.8432],[87.307,27.8352],[87.3181,27.8286],[87.3204,27.8255],[87.3325,27.8269],[87.3404,27.8297],[87.348,27.8276],[87.3505,27.8302],[87.3551,27.8274],[87.3601,27.8276],[87.3632,27.8286],[87.3677,27.8361],[87.3764,27.8451],[87.4051,27.8517],[87.4099,27.8564],[87.4178,27.8588],[87.4211,27.8623],[87.4217,27.8603],[87.4282,27.8586],[87.4285,27.8519],[87.4324,27.8504],[87.4357,27.846],[87.4343,27.8422],[87.429,27.8401],[87.4245,27.8409],[87.4114,27.8386],[87.4074,27.837],[87.4061,27.8338],[87.4252,27.8314],[87.4523,27.8221],[87.4619,27.8258],[87.4773,27.8361],[87.4783,27.8395],[87.4926,27.8462],[87.4956,27.8437],[87.5114,27.8469],[87.5185,27.8458],[87.5233,27.8433],[87.5337,27.8452],[87.5385,27.8429],[87.5502,27.853],[87.5531,27.8576],[87.5547,27.8649],[87.565,27.8668],[87.5739,27.8611],[87.5813,27.8618],[87.5889,27.8526],[87.5885,27.8495],[87.5936,27.8333],[87.5913,27.8269],[87.592,27.8201],[87.5936,27.8192],[87.5977,27.8211],[87.6041,27.8209],[87.6092,27.8176],[87.614,27.8103],[87.6166,27.8114],[87.6194,27.8187],[87.6258,27.8217],[87.6299,27.8212],[87.6346,27.8245],[87.6351,27.8324],[87.6384,27.8341],[87.6496,27.8335],[87.6609,27.8363],[87.6676,27.8362],[87.6721,27.8346],[87.6723,27.8298],[87.6656,27.8224],[87.6678,27.8198],[87.6663,27.8172],[87.668,27.8066],[87.6761,27.8074],[87.678,27.81],[87.6826,27.8096],[87.6879,27.812],[87.6952,27.8105],[87.7012,27.8119],[87.7067,27.8099],[87.7098,27.8114],[87.7134,27.8109],[87.7279,27.8051],[87.7357,27.809],[87.7389,27.8128],[87.7364,27.8189],[87.7385,27.8236],[87.7447,27.8302],[87.7464,27.8349],[87.756,27.8357],[87.7612,27.8477],[87.7687,27.8593],[87.7812,27.8657],[87.7796,27.8679],[87.7812,27.8716],[87.7781,27.8753],[87.778,27.8777],[87.7872,27.8991],[87.8067,27.9087],[87.8084,27.9106],[87.8084,27.9142],[87.8162,27.9212],[87.8215,27.9214],[87.8243,27.9188],[87.8273,27.9199],[87.8298,27.9296],[87.8273,27.9364],[87.8317,27.9467],[87.8342,27.9487],[87.8344,27.9526],[87.8443,27.95],[87.8496,27.9461],[87.8528,27.9483],[87.8596,27.9477],[87.8619,27.9364],[87.8566,27.9285],[87.8629,27.9237],[87.8685,27.9105],[87.8793,27.9146],[87.8905,27.9099],[87.9018,27.9109],[87.9104,27.9167],[87.9225,27.9157],[87.9348,27.9177],[87.9417,27.9106],[87.9583,27.9088],[87.9691,27.893],[87.9859,27.8874],[87.9874,27.8857],[88.005,27.8979],[88.0189,27.8984],[88.0242,27.8964],[88.0289,27.9044],[88.0327,27.9057],[88.0398,27.9041],[88.0448,27.8995],[88.0566,27.8966],[88.0608,27.8882],[88.0671,27.8861],[88.0746,27.8935],[88.0817,27.8957],[88.0868,27.8953],[88.0921,27.8872],[88.0936,27.8712],[88.0984,27.867],[88.115,27.8682],[88.1291,27.8815],[88.1375,27.8815],[88.142,27.8775],[88.1456,27.8781],[88.1514,27.8765],[88.1565,27.8705],[88.1668,27.8682],[88.1752,27.8631],[88.181,27.8565],[88.1879,27.8565],[88.191,27.8536],[88.1987,27.8541],[88.2006,27.8455],[88.2041,27.8424],[88.2039,27.8372],[88.1972,27.8355],[88.1901,27.8251],[88.1758,27.8202],[88.1761,27.8172],[88.1816,27.8155],[88.1879,27.8104],[88.1895,27.8012],[88.1964,27.796],[88.1999,27.7906],[88.198,27.7863],[88.1908,27.7812],[88.1879,27.777],[88.1839,27.7756],[88.1841,27.7688],[88.186,27.766],[88.1794,27.7581],[88.1812,27.7468],[88.1724,27.7414],[88.161,27.7406],[88.1589,27.7363],[88.1569,27.7253],[88.158,27.7172],[88.1501,27.7027],[88.1574,27.6904],[88.1514,27.6838],[88.1472,27.6654],[88.1398,27.6572],[88.1339,27.6551],[88.1227,27.6453],[88.1233,27.6392],[88.1199,27.6295],[88.1221,27.627],[88.1179,27.6207],[88.1163,27.6104],[88.1082,27.6023],[88.0963,27.5978],[88.0923,27.5949],[88.0846,27.5847],[88.0778,27.5718],[88.0837,27.5646],[88.0786,27.5585],[88.0718,27.5556],[88.0711,27.5461],[88.0635,27.5398],[88.0616,27.5348],[88.0624,27.5312],[88.0679,27.5293],[88.0698,27.5261],[88.064,27.525],[88.06,27.5176],[88.0599,27.5158],[88.0642,27.5118],[88.0602,27.5092],[88.0575,27.5044],[88.0534,27.5042],[88.0492,27.5012],[88.0463,27.4957],[88.0479,27.4814],[88.0466,27.4782],[88.0511,27.4722],[88.0593,27.4672],[88.0631,27.4609],[88.0697,27.4576],[88.0671,27.4535],[88.0751,27.445],[88.0706,27.4381],[88.0828,27.4296],[88.0827,27.4264],[88.0697,27.425],[88.0607,27.4182],[88.058,27.4179],[88.0532,27.4127],[88.0521,27.4069],[88.0495,27.4051],[88.051,27.4006],[88.0474,27.3896],[88.0476,27.3798],[88.0443,27.3718],[88.052,27.3591],[88.0602,27.3554],[88.0692,27.3356],[88.0661,27.3341],[88.0627,27.3282],[88.0551,27.3242],[88.052,27.3185],[88.0511,27.3124],[88.0441,27.3041],[88.0436,27.3012],[88.0474,27.2934],[88.0456,27.2913],[88.0407,27.2914],[88.0343,27.2859],[88.0356,27.2811],[88.0329,27.2718],[88.0345,27.2657],[88.0332,27.263],[88.0335,27.2497],[88.0303,27.2491],[88.0268,27.2417],[88.0274,27.237],[88.0243,27.2374],[88.0218,27.2356],[88.0215,27.2247],[88.0148,27.2157],[88.0182,27.2105],[88.0143,27.2035],[88.018,27.1995],[88.0186,27.1959],[88.0186,27.1929],[88.0165,27.1905],[88.0151,27.1773],[88.022,27.1707],[88.0136,27.1655],[88.0137,27.1589],[88.0122,27.1573],[88.0129,27.1544],[88.01,27.143],[88.0033,27.1399],[88.0012,27.1333],[87.9938,27.1305],[87.9918,27.1205],[87.99,27.119],[87.9919,27.1164],[87.9942,27.1051],[87.9978,27.1032],[88.006,27.1041],[88.0108,27.1006],[88.0113,27.0983],[88.0145,27.0971],[88.0186,27.0881],[88.0237,27.0874],[88.0235,27.0821],[88.0186,27.0767],[88.0189,27.0735],[88.0211,27.0699],[88.0238,27.069],[88.0302,27.0507],[88.0376,27.0429],[88.0402,27.0363],[88.0484,27.0364],[88.0605,27.0314],[88.0623,27.0288],[88.0719,27.031],[88.0802,27.035],[88.0856,27.0287],[88.0863,27.0225],[88.0912,27.015],[88.0909,27.008],[88.0949,27.0042],[88.1018,27.0034],[88.107,26.9971],[88.1114,26.9948],[88.1129,26.9913],[88.1177,26.9885],[88.1223,26.987],[88.1316,26.9874],[88.1369,26.9862],[88.1381,26.9846],[88.1332,26.9803],[88.1252,26.968],[88.1257,26.9598],[88.1231,26.9501],[88.1313,26.9391],[88.1404,26.933],[88.142,26.9285],[88.1486,26.9207],[88.1466,26.9173],[88.1476,26.9152],[88.1414,26.905],[88.1418,26.9015],[88.139,26.8984],[88.1491,26.8885],[88.155,26.8849],[88.16,26.8845],[88.1601,26.8828],[88.1646,26.8803],[88.1692,26.8701],[88.1744,26.869],[88.1761,26.8652],[88.1744,26.86],[88.1771,26.8592],[88.1761,26.8551],[88.1773,26.8531],[88.17,26.8495],[88.1703,26.847],[88.1733,26.8449],[88.1702,26.8374],[88.1768,26.8332],[88.1744,26.8275],[88.1815,26.8162],[88.1802,26.8033],[88.1906,26.7714],[88.1885,26.7565],[88.1897,26.75],[88.189,26.7382],[88.1874,26.7307],[88.1849,26.7272],[88.1846,26.7192],[88.1799,26.7107],[88.1756,26.7078],[88.1697,26.6992],[88.1704,26.6837],[88.1667,26.6782],[88.1675,26.67],[88.1657,26.6457],[88.1606,26.6398],[88.1631,26.6363],[88.1607,26.6357],[88.16,26.6325],[88.1572,26.6301],[88.1495,26.6293],[88.1446,26.6255],[88.1417,26.6065],[88.1325,26.601],[88.1345,26.5929],[88.1321,26.5871],[88.1327,26.5845],[88.1299,26.5816],[88.1325,26.5793],[88.1328,26.5734],[88.131,26.5723],[88.1274,26.5773],[88.1255,26.576],[88.1277,26.5738],[88.1256,26.5719],[88.1234,26.5754],[88.1202,26.5743],[88.1217,26.5678],[88.1173,26.5701],[88.1162,26.5723],[88.1148,26.5711],[88.1143,26.5646],[88.1177,26.5658],[88.1132,26.5619],[88.116,26.558],[88.112,26.5567],[88.1103,26.5602],[88.108,26.5606],[88.108,26.5504],[88.1101,26.5502],[88.1141,26.5449],[88.1096,26.5411],[88.1032,26.5393],[88.1007,26.5371],[88.1021,26.5344],[88.1063,26.536],[88.1053,26.5303],[88.1075,26.5277],[88.1057,26.5186],[88.0977,26.5161],[88.0991,26.5109],[88.0929,26.5065],[88.0952,26.5043],[88.1013,26.5054],[88.1029,26.4942],[88.1083,26.4892],[88.1037,26.4836],[88.1029,26.4795],[88.1088,26.4769],[88.1098,26.4749],[88.107,26.4717],[88.1005,26.4723],[88.1062,26.4679],[88.1056,26.4654],[88.0967,26.4645],[88.0945,26.4627],[88.0995,26.4519],[88.0984,26.4392],[88.0888,26.432],[88.0863,26.4259],[88.0812,26.4198],[88.0723,26.4131],[88.074,26.4077],[88.0711,26.4076],[88.0697,26.4093],[88.0671,26.4077],[88.0664,26.4103],[88.0626,26.4094],[88.0582,26.4055],[88.0587,26.4032],[88.0568,26.4022],[88.058,26.4004],[88.0549,26.4007],[88.0541,26.3987],[88.0499,26.4008],[88.0478,26.3994],[88.049,26.3973],[88.0466,26.3966],[88.0476,26.3956],[88.0403,26.3936],[88.0391,26.39],[88.0368,26.3917],[88.037,26.3882],[88.0346,26.388],[88.0333,26.382],[88.032,26.3829],[88.0297,26.3815],[88.0308,26.3787],[88.0339,26.3782],[88.0333,26.3757],[88.0315,26.3764],[88.0325,26.3739],[88.0297,26.3707],[88.0333,26.3668],[88.0326,26.3646],[88.0102,26.3608],[88.0045,26.3649],[88.0049,26.3663],[88.0005,26.3648],[87.998,26.3658],[87.9946,26.3711],[87.9942,26.3922],[87.9683,26.3968],[87.9351,26.4177],[87.9298,26.4176],[87.9286,26.4274],[87.9196,26.4299],[87.9185,26.4315],[87.92,26.4345],[87.9279,26.4397],[87.9274,26.4452],[87.9262,26.4466],[87.9012,26.4485],[87.9122,26.4575],[87.9026,26.4771],[87.8907,26.4864],[87.8881,26.4762],[87.866,26.4676],[87.8651,26.464],[87.8607,26.4633],[87.8622,26.4595],[87.8607,26.456],[87.8651,26.4527],[87.8639,26.4486],[87.8535,26.445],[87.8512,26.4362],[87.8307,26.4398],[87.8322,26.4499],[87.814,26.4615],[87.7953,26.4685],[87.7931,26.4661],[87.7915,26.4689],[87.7887,26.467],[87.7923,26.4646],[87.7905,26.4639],[87.7889,26.4654],[87.7881,26.4633],[87.7911,26.4612],[87.7866,26.4578],[87.7849,26.4537],[87.7803,26.4534],[87.7815,26.4504],[87.7764,26.4501],[87.7792,26.4476],[87.7781,26.4426],[87.7803,26.4424],[87.777,26.4404],[87.7755,26.4358],[87.7774,26.4352],[87.7792,26.4367],[87.7803,26.4355],[87.7785,26.4297],[87.7763,26.431],[87.7751,26.4298],[87.7779,26.4269],[87.773,26.4272],[87.7786,26.4249],[87.7756,26.4201],[87.7788,26.4216],[87.7752,26.4192],[87.7735,26.4216],[87.7701,26.4185],[87.7707,26.415],[87.7681,26.4129],[87.7696,26.411],[87.7563,26.4078],[87.75,26.4175],[87.7416,26.4173],[87.7362,26.4075],[87.7254,26.4122],[87.7264,26.4153],[87.7249,26.4189],[87.7208,26.4221],[87.7163,26.4227],[87.7162,26.4249],[87.7137,26.427],[87.701,26.4279],[87.6946,26.4353],[87.6802,26.4351],[87.6808,26.4155],[87.6528,26.4055],[87.6544,26.3932],[87.63,26.3935],[87.6146,26.3898],[87.6097,26.3808],[87.6071,26.3805],[87.5896,26.3818],[87.5903,26.3923],[87.5761,26.3957],[87.5553,26.4054],[87.55,26.4182],[87.5367,26.4213],[87.5189,26.4306],[87.4687,26.44],[87.4455,26.4327],[87.4303,26.4221],[87.4216,26.4224],[87.391,26.4187],[87.3786,26.4067],[87.3712,26.4077],[87.3589,26.3879],[87.3558,26.3717],[87.3608,26.3607],[87.3502,26.3513],[87.3435,26.3474],[87.3244,26.3599],[87.3159,26.3673],[87.3148,26.3711],[87.3038,26.3659],[87.2919,26.3734],[87.2749,26.3723],[87.2684,26.3735],[87.2668,26.3868],[87.2686,26.4053],[87.2587,26.4108],[87.2524,26.4091],[87.2491,26.414],[87.2313,26.4134],[87.2292,26.4116],[87.2301,26.411],[87.2287,26.4105],[87.2288,26.4086],[87.2265,26.4085],[87.2262,26.4056],[87.2214,26.4029],[87.2197,26.4063],[87.2134,26.4092],[87.2138,26.4128],[87.1884,26.4139],[87.1915,26.4052],[87.1758,26.4031],[87.1649,26.4037],[87.1415,26.4146],[87.094,26.45],[87.0826,26.5214],[87.0784,26.537],[87.0751,26.5416],[87.0755,26.577],[87.0742,26.5855],[87.0471,26.587],[87.0448,26.568],[87.0177,26.5318],[86.9933,26.5228],[86.9818,26.5248],[86.9775,26.5197],[86.9681,26.522],[86.9684,26.5233],[86.9637,26.5235],[86.9618,26.52],[86.9492,26.5206],[86.947,26.5168],[86.9351,26.5165],[86.9309,26.4965],[86.9323,26.4893],[86.9065,26.488],[86.9094,26.4906],[86.9092,26.4937],[86.9121,26.4949],[86.9133,26.4988],[86.9187,26.5011],[86.9203,26.5041],[86.9184,26.5077],[86.9192,26.5121],[86.9262,26.5229],[86.9357,26.5332],[86.9533,26.5369],[86.9588,26.542],[86.9661,26.5442],[86.9763,26.5577],[86.9948,26.5717],[86.9942,26.5759],[86.9874,26.5817],[86.985,26.586],[86.9851,26.5906],[86.9919,26.6056],[86.9893,26.6127],[86.9813,26.6249],[86.9881,26.629],[86.9872,26.6324],[86.9912,26.636],[86.991,26.6407],[86.9935,26.6446],[86.9936,26.6492],[86.9974,26.6537],[87.0043,26.6553],[87.0048,26.6592],[87.0087,26.666],[87.016,26.6712],[87.0132,26.6837],[87.017,26.6899],[87.0157,26.6999],[87.012,26.7074],[87.0124,26.7105],[87.0096,26.7085],[87.0033,26.71],[87.003,26.7071],[86.9983,26.7027],[86.9938,26.7026],[86.993,26.6978],[86.9866,26.7037],[86.9852,26.7146],[86.9757,26.7213],[86.9731,26.7306],[86.9695,26.7353],[86.9513,26.7318],[86.9469,26.7326],[86.935,26.7404],[86.9272,26.7498],[86.9303,26.7581],[86.9284,26.7628],[86.9245,26.766],[86.916,26.7601],[86.9111,26.7589],[86.9109,26.7485],[86.9136,26.7396],[86.9095,26.7384],[86.9089,26.7354],[86.9059,26.7356],[86.9065,26.7317],[86.905,26.7304],[86.9035,26.7313],[86.9038,26.7291],[86.9017,26.7289],[86.9002,26.7254],[86.8967,26.7243],[86.8916,26.7194],[86.8874,26.7117],[86.8848,26.7109],[86.8814,26.7126],[86.8737,26.7128],[86.869,26.7096],[86.8681,26.7003],[86.864,26.7014],[86.8615,26.7],[86.8609,26.6976],[86.8532,26.6961],[86.8536,26.6929],[86.8507,26.6909],[86.8486,26.6934],[86.8461,26.6928],[86.8445,26.6902],[86.8429,26.6914],[86.8442,26.6954],[86.84,26.7095],[86.8263,26.714],[86.8212,26.709],[86.8179,26.7093],[86.8167,26.7074],[86.8109,26.7086],[86.8087,26.7124],[86.8024,26.7123],[86.7863,26.7042],[86.7838,26.7013],[86.7782,26.7023],[86.7743,26.6985],[86.771,26.6989],[86.7666,26.6947],[86.7623,26.695],[86.7556,26.6859],[86.7556,26.6949],[86.7511,26.6977],[86.7491,26.6966],[86.7483,26.699],[86.7447,26.7015],[86.7445,26.7047],[86.7419,26.7055],[86.7424,26.7095],[86.7394,26.712],[86.7248,26.7093],[86.7204,26.7065],[86.7171,26.7079],[86.7087,26.7068],[86.7052,26.699],[86.7007,26.6977],[86.6936,26.6893],[86.6872,26.6877],[86.6729,26.6933],[86.6735,26.6968],[86.6714,26.7012],[86.6673,26.7041],[86.659,26.6912],[86.6549,26.6914],[86.6513,26.6895],[86.6443,26.6978],[86.6362,26.6982],[86.6337,26.6944],[86.6306,26.694],[86.6298,26.6897],[86.6187,26.6948],[86.6159,26.6936],[86.6129,26.6887],[86.6077,26.6923],[86.6043,26.6995],[86.6001,26.6969],[86.5888,26.6961],[86.5884,26.7001],[86.5855,26.7015],[86.5836,26.7078],[86.5857,26.7118],[86.5826,26.7129],[86.5822,26.7163],[86.5745,26.722],[86.5753,26.7304],[86.5741,26.7331],[86.5763,26.7392],[86.5663,26.7437],[86.5556,26.7456],[86.5637,26.7577],[86.5702,26.7639],[86.5712,26.7677],[86.5751,26.7679],[86.5796,26.7754],[86.5803,26.7841],[86.5739,26.7843],[86.569,26.7806],[86.5674,26.7825],[86.5678,26.7874],[86.5663,26.7907],[86.5645,26.7891],[86.56,26.7899],[86.5586,26.7877],[86.5538,26.7863],[86.5506,26.7816],[86.5456,26.7839],[86.541,26.7827],[86.5387,26.784],[86.5406,26.7874],[86.5369,26.7869],[86.5337,26.7885],[86.5325,26.7909],[86.5381,26.7955],[86.5368,26.7978],[86.538,26.7999],[86.543,26.7979],[86.5483,26.8031],[86.5472,26.8059],[86.5529,26.8132],[86.5559,26.8145],[86.554,26.8241],[86.557,26.8303],[86.5539,26.8313],[86.5544,26.8349],[86.5459,26.8362],[86.5421,26.8351],[86.5396,26.8312],[86.522,26.8312],[86.5232,26.8345],[86.5201,26.8429],[86.5175,26.8431],[86.5149,26.8401],[86.5134,26.8428],[86.5141,26.8462],[86.5096,26.8463],[86.5078,26.8479],[86.5072,26.8557],[86.5028,26.8573],[86.4985,26.8563],[86.4956,26.8593],[86.4967,26.8605],[86.4953,26.8636],[86.4911,26.8666],[86.4905,26.869],[86.4823,26.8707],[86.4819,26.8725],[86.4836,26.8742],[86.4816,26.8759],[86.4798,26.8829],[86.4825,26.8864],[86.4819,26.8882],[86.4785,26.8869],[86.4595,26.887],[86.4473,26.8913],[86.4306,26.9022],[86.4251,26.9028],[86.4208,26.906],[86.4098,26.9068],[86.4058,26.9095],[86.4041,26.908],[86.3989,26.9093],[86.3962,26.9077],[86.3888,26.9076],[86.3868,26.909],[86.3851,26.9079],[86.3852,26.902],[86.3792,26.8962],[86.3796,26.8921],[86.3771,26.8895],[86.3764,26.8834],[86.3719,26.8798],[86.372,26.875],[86.3684,26.8722],[86.3646,26.8745],[86.3604,26.8747],[86.3539,26.8775],[86.3487,26.8771],[86.3432,26.8798],[86.3237,26.8784],[86.3196,26.8802],[86.3166,26.8787],[86.3128,26.8824],[86.3096,26.8814],[86.301,26.8855],[86.2965,26.8848],[86.2899,26.8864],[86.2736,26.8822],[86.2706,26.8778],[86.2593,26.8724],[86.2492,26.8635],[86.2432,26.8663],[86.2298,26.8803],[86.2213,26.8815],[86.2101,26.887],[86.2026,26.8888],[86.2007,26.892],[86.1969,26.8937],[86.1894,26.8943],[86.1879,26.8997],[86.1803,26.9001],[86.1763,26.9078],[86.1715,26.9102],[86.1709,26.9133],[86.1636,26.9139],[86.1592,26.9171],[86.1583,26.9191],[86.1602,26.9215],[86.1586,26.9259],[86.1598,26.9296],[86.1609,26.9257],[86.1734,26.9196],[86.1892,26.9061],[86.1943,26.9039],[86.2023,26.9052],[86.206,26.8997],[86.2183,26.8959],[86.2201,26.8903],[86.2238,26.8883],[86.2264,26.8907],[86.2245,26.8988],[86.2266,26.9035],[86.2385,26.903],[86.2442,26.9052],[86.2486,26.9148],[86.2548,26.9112],[86.2604,26.9125],[86.2635,26.9247],[86.2686,26.9289],[86.2805,26.9341],[86.2834,26.9464],[86.2858,26.9488],[86.2989,26.9521],[86.3121,26.9612],[86.3174,26.9631],[86.3554,26.9643],[86.3675,26.9796],[86.3706,26.9951],[86.369,27.0],[86.3755,27.0032],[86.3765,27.007],[86.3746,27.0105],[86.3765,27.0125],[86.3744,27.0155],[86.3778,27.0203],[86.3764,27.023],[86.382,27.0288],[86.3817,27.0311],[86.3844,27.0298],[86.385,27.0312],[86.3805,27.0348],[86.3694,27.0372],[86.3664,27.0423],[86.3657,27.0537],[86.3535,27.0613],[86.3532,27.0665],[86.35,27.0642],[86.3485,27.0657],[86.3494,27.0702],[86.3532,27.0695],[86.3539,27.0735],[86.3576,27.075],[86.356,27.0766],[86.3577,27.0812],[86.3607,27.0837],[86.3612,27.0915],[86.3594,27.0939],[86.365,27.0992],[86.3585,27.0998],[86.3573,27.104],[86.3436,27.1062],[86.3347,27.0996],[86.3302,27.1002],[86.3255,27.0988],[86.3195,27.1018],[86.3136,27.1026],[86.3088,27.1086],[86.3156,27.1106],[86.3266,27.1096],[86.3286,27.1106],[86.3362,27.1219],[86.337,27.126],[86.339,27.1263],[86.3371,27.1277],[86.3388,27.1289],[86.3367,27.1299],[86.3383,27.1317],[86.3375,27.1338],[86.3403,27.1335],[86.339,27.1377],[86.3433,27.1406],[86.3436,27.1448],[86.3454,27.147],[86.3473,27.1436],[86.3579,27.143],[86.3615,27.1391],[86.3659,27.1418],[86.3703,27.1403],[86.3729,27.1467],[86.3766,27.1474],[86.3728,27.1507],[86.376,27.1544],[86.3761,27.1587],[86.3815,27.1637],[86.3805,27.1652],[86.3855,27.1729],[86.3873,27.1731],[86.3869,27.1759],[86.3922,27.1796],[86.3866,27.1821],[86.3814,27.193],[86.3711,27.1922],[86.3605,27.2011],[86.353,27.2005],[86.3459,27.2025],[86.3423,27.21],[86.3425,27.2138],[86.3455,27.2194],[86.3434,27.2287],[86.3356,27.2307],[86.3301,27.2298],[86.3183,27.2311],[86.3114,27.233],[86.3085,27.2369],[86.2973,27.2381],[86.2903,27.2454],[86.2837,27.2456],[86.2795,27.2499],[86.269,27.2533],[86.2687,27.2608],[86.2639,27.2572],[86.2598,27.2578],[86.2552,27.25],[86.2456,27.2469],[86.242,27.241],[86.2325,27.2371],[86.2239,27.2396],[86.2059,27.25],[86.2075,27.2501],[86.2071,27.2547],[86.2135,27.2606],[86.2162,27.2686],[86.2186,27.2677],[86.2213,27.2724],[86.2255,27.2742],[86.2261,27.2772],[86.2291,27.2773],[86.2364,27.2852],[86.243,27.2885],[86.2378,27.2959],[86.2403,27.3022],[86.2396,27.3058],[86.2362,27.3072],[86.2337,27.3143],[86.2313,27.3153],[86.2313,27.3196],[86.2217,27.3223],[86.2247,27.327],[86.2196,27.3281],[86.218,27.3333],[86.2204,27.3367],[86.219,27.3422],[86.2208,27.3506],[86.2195,27.3528],[86.2242,27.3597],[86.2214,27.3619],[86.2271,27.3703],[86.2244,27.3818],[86.2282,27.3839],[86.2273,27.3871],[86.2298,27.3892],[86.2289,27.3931],[86.2303,27.3979],[86.2387,27.4043],[86.2369,27.4081],[86.2397,27.4094],[86.24,27.4126],[86.2443,27.4187],[86.2494,27.419],[86.2506,27.4203],[86.2503,27.4242],[86.2544,27.4283],[86.2536,27.4322],[86.2589,27.4369],[86.2566,27.4407],[86.2661,27.4559],[86.2748,27.4617],[86.2815,27.4646],[86.2835,27.464],[86.2944,27.4701],[86.2953,27.4762],[86.2974,27.4787],[86.3078,27.4826],[86.3153,27.4914],[86.3179,27.4922],[86.3218,27.4985],[86.327,27.4994],[86.3286,27.5048],[86.3356,27.5106],[86.3368,27.5154],[86.3407,27.5198],[86.3489,27.5232],[86.3573,27.5246],[86.36,27.5293],[86.3609,27.5395],[86.372,27.5494],[86.3731,27.552],[86.3716,27.5579],[86.379,27.5681],[86.3832,27.5712],[86.3906,27.5725],[86.4009,27.5832],[86.4102,27.5842],[86.4124,27.5862],[86.4158,27.5865],[86.4204,27.5911],[86.4226,27.5984],[86.4326,27.604],[86.4372,27.61],[86.4721,27.6168],[86.479,27.6155],[86.4865,27.617],[86.4949,27.6135],[86.4979,27.6186],[86.5023,27.6201],[86.5096,27.6403],[86.5138,27.6422],[86.5161,27.6479],[86.5192,27.6466],[86.5286,27.6501],[86.5312,27.6553],[86.5295,27.6599],[86.5354,27.6625],[86.5379,27.6681],[86.5404,27.67],[86.5412,27.6747],[86.539,27.6783],[86.5414,27.6829],[86.5414,27.6888],[86.5432,27.6925],[86.5415,27.6963],[86.5427,27.7013],[86.5534,27.7106],[86.5537,27.7173],[86.556,27.7193],[86.5594,27.7285],[86.5587,27.7322],[86.5607,27.7382],[86.5657,27.7447],[86.5653,27.7491],[86.5752,27.7543],[86.5728,27.7591],[86.5685,27.7623],[86.5664,27.7693],[86.5686,27.7783],[86.5681,27.7855],[86.5712,27.7908],[86.5712,27.7951],[86.568,27.7993],[86.5695,27.8037],[86.5506,27.8107],[86.5448,27.8109],[86.5428,27.8146],[86.5429,27.8174],[86.5459,27.8212],[86.5463,27.8268],[86.5513,27.8402],[86.5526,27.8481],[86.5565,27.8569],[86.5534,27.8759],[86.557,27.8853],[86.5541,27.8978],[86.5567,27.9024],[86.5569,27.9087],[86.5522,27.9189],[86.5502,27.9302],[86.5421,27.9346],[86.5361,27.9419],[86.5241,27.9402],[86.5206,27.9529],[86.5158,27.9601],[86.5146,27.967],[86.5149,27.9687],[86.5211,27.9713],[86.5226,27.9741],[86.5179,27.9775],[86.5152,27.9845],[86.5182,27.9898],[86.5189,27.9981],[86.5175,28.0012],[86.5222,28.005],[86.5246,28.0166],[86.5236,28.0191],[86.5339,28.0269],[86.5328,28.0317],[86.5358,28.0379],[86.5361,28.047],[86.5389,28.0506],[86.5513,28.0505],[86.5582,28.0565],[86.5606,28.0632],[86.5678,28.0687],[86.5676,28.0713],[86.561,28.0776],[86.5621,28.0825],[86.5667,28.0862],[86.5693,28.0916],[86.5643,28.1015],[86.5648,28.1069],[86.5707,28.1116],[86.5746,28.1104],[86.5768,28.1128],[86.5824,28.1105]]]}},{"type":"Feature","properties":{"name":"Madhesh","code":"P2","number":2},"geometry":{"type":"Polygon","coordinates":[[[84.5674,27.4629],[84.57,27.4603],[84.5753,27.4585],[84.578,27.4537],[84.584,27.4541],[84.5846,27.4562],[84.5869,27.4562],[84.5932,27.453],[84.5995,27.4542],[84.6034,27.4509],[84.609,27.4541],[84.6122,27.4518],[84.6239,27.4517],[84.625,27.4495],[84.6304,27.4506],[84.6371,27.4442],[84.6451,27.4426],[84.6457,27.4364],[84.6498,27.4289],[84.6586,27.4324],[84.6639,27.4328],[84.6649,27.4295],[84.6729,27.4288],[84.6928,27.4323],[84.7071,27.4328],[84.7211,27.431],[84.723,27.4375],[84.7282,27.4444],[84.7369,27.444],[84.7367,27.4418],[84.7403,27.4421],[84.7416,27.4402],[84.7455,27.4418],[84.7509,27.4375],[84.7575,27.4355],[84.7605,27.4373],[84.7705,27.4368],[84.7725,27.4386],[84.7766,27.4386],[84.7822,27.4348],[84.7931,27.4375],[84.7994,27.435],[84.802,27.4299],[84.8114,27.4242],[84.8123,27.4157],[84.8216,27.4192],[84.8278,27.4193],[84.8319,27.416],[84.8359,27.4175],[84.8399,27.4141],[84.8426,27.4145],[84.8431,27.4118],[84.8463,27.4118],[84.8498,27.4083],[84.8535,27.4037],[84.8526,27.4027],[84.8541,27.3983],[84.8663,27.3967],[84.8737,27.399],[84.8789,27.3974],[84.881,27.3958],[84.8807,27.393],[84.884,27.3878],[84.8921,27.3891],[84.8935,27.387],[84.8989,27.3852],[84.9,27.379],[84.9035,27.3744],[84.9106,27.377],[84.9163,27.3725],[84.9239,27.3704],[84.9284,27.364],[84.9331,27.3655],[84.9356,27.3643],[84.9381,27.3662],[84.9431,27.3655],[84.9432,27.3629],[84.9476,27.3622],[84.9471,27.36],[84.9516,27.362],[84.954,27.3667],[84.9585,27.364],[84.956,27.3612],[84.959,27.3589],[84.9664,27.3634],[84.9678,27.3583],[84.9745,27.3549],[84.9797,27.3559],[84.9837,27.3619],[84.9905,27.3614],[84.997,27.3652],[85.0011,27.3653],[85.0028,27.3618],[85.0031,27.3555],[85.0062,27.3526],[85.0154,27.3551],[85.0237,27.3518],[85.0232,27.3565],[85.0268,27.3584],[85.0342,27.3603],[85.0387,27.3571],[85.0584,27.3654],[85.0623,27.3631],[85.062,27.3612],[85.0637,27.3602],[85.0677,27.3624],[85.0695,27.3601],[85.073,27.3641],[85.0873,27.3615],[85.0936,27.3563],[85.0928,27.3531],[85.0945,27.3521],[85.0953,27.3483],[85.0943,27.3399],[85.0971,27.3322],[85.1054,27.323],[85.1063,27.3198],[85.1194,27.3172],[85.1212,27.3141],[85.1231,27.3019],[85.1277,27.3009],[85.1293,27.2953],[85.1286,27.2926],[85.139,27.2899],[85.1416,27.2854],[85.147,27.2827],[85.1475,27.2727],[85.1533,27.2683],[85.154,27.2655],[85.1582,27.2618],[85.1699,27.2599],[85.1732,27.2545],[85.1773,27.2534],[85.1832,27.2543],[85.1795,27.2493],[85.1814,27.2482],[85.1951,27.2448],[85.2001,27.2458],[85.2018,27.2489],[85.2047,27.25],[85.209,27.2481],[85.2106,27.2451],[85.2174,27.2465],[85.2222,27.2437],[85.2269,27.2452],[85.234,27.2431],[85.2389,27.2474],[85.2447,27.2485],[85.2538,27.2447],[85.2556,27.238],[85.2603,27.2339],[85.26,27.2289],[85.2641,27.2264],[85.2696,27.226],[85.2742,27.229],[85.2818,27.2285],[85.2829,27.2309],[85.291,27.2308],[85.2953,27.2326],[85.3063,27.2296],[85.3096,27.2315],[85.3197,27.2269],[85.3351,27.2227],[85.3399,27.2195],[85.351,27.2219],[85.3619,27.2105],[85.3648,27.2125],[85.3751,27.2097],[85.3788,27.2118],[85.3874,27.2071],[85.3957,27.2101],[85.3995,27.2059],[85.3984,27.2005],[85.3995,27.1974],[85.4115,27.1967],[85.4205,27.1898],[85.4289,27.1928],[85.4359,27.1901],[85.4388,27.187],[85.4504,27.1865],[85.4524,27.1834],[85.4517,27.1802],[85.4556,27.1774],[85.4552,27.1681],[85.4595,27.1658],[85.4691,27.1658],[85.4717,27.1623],[85.4745,27.1616],[85.4885,27.1641],[85.4963,27.1696],[85.4974,27.1734],[85.5032,27.1755],[85.5057,27.1723],[85.5018,27.1674],[85.5056,27.1656],[85.5062,27.1631],[85.4954,27.1619],[85.4918,27.1543],[85.4935,27.1538],[85.4985,27.1457],[85.5033,27.1432],[85.5103,27.1434],[85.5149,27.1417],[85.5182,27.1424],[85.5304,27.1401],[85.5333,27.1409],[85.5354,27.1462],[85.5389,27.1485],[85.5445,27.1459],[85.5446,27.1442],[85.5482,27.1436],[85.5491,27.1403],[85.554,27.1403],[85.5515,27.1423],[85.552,27.1454],[85.5558,27.1465],[85.5613,27.1436],[85.5712,27.1432],[85.5734,27.1368],[85.583,27.1436],[85.597,27.1403],[85.6023,27.1433],[85.6073,27.1393],[85.6151,27.1414],[85.6224,27.1385],[85.6251,27.1404],[85.632,27.1371],[85.6357,27.141],[85.644,27.1418],[85.6491,27.1443],[85.6526,27.1501],[85.6558,27.1526],[85.6586,27.1523],[85.6583,27.1548],[85.6647,27.1559],[85.668,27.1619],[85.6719,27.1637],[85.6734,27.1662],[85.684,27.169],[85.6882,27.1761],[85.6924,27.1775],[85.6972,27.1838],[85.7012,27.186],[85.706,27.1845],[85.7191,27.1875],[85.7259,27.1949],[85.7455,27.1872],[85.7498,27.188],[85.7526,27.1857],[85.7717,27.1819],[85.7752,27.1784],[85.7904,27.1735],[85.796,27.1682],[85.8013,27.1669],[85.8113,27.1614],[85.8182,27.161],[85.8269,27.1679],[85.833,27.1669],[85.8459,27.1596],[85.8421,27.1523],[85.837,27.1494],[85.838,27.1468],[85.8478,27.1406],[85.8558,27.1377],[85.8572,27.1337],[85.8607,27.1323],[85.8648,27.1269],[85.8853,27.1461],[85.8889,27.1455],[85.8932,27.141],[85.9042,27.1351],[85.9144,27.1319],[85.9164,27.1294],[85.9316,27.1253],[85.9404,27.1211],[85.9382,27.1099],[85.9464,27.0918],[85.9504,27.0879],[85.9533,27.0875],[85.9523,27.0837],[85.9579,27.0839],[85.9643,27.0795],[85.9655,27.0729],[85.9678,27.0735],[85.9692,27.0701],[85.9684,27.0669],[85.972,27.0607],[85.9732,27.0506],[85.994,27.0245],[86.0042,27.0207],[86.0081,27.0217],[86.0132,27.0202],[86.0146,27.0184],[86.0173,27.0198],[86.0234,27.0189],[86.0327,27.0205],[86.0445,27.0193],[86.0499,27.0211],[86.0514,27.0187],[86.0576,27.0179],[86.0908,27.0188],[86.1024,27.017],[86.1276,27.007],[86.1427,26.999],[86.1654,26.9916],[86.1695,26.9885],[86.1725,26.9888],[86.1812,26.9841],[86.1899,26.9821],[86.1896,26.9771],[86.1939,26.9782],[86.1949,26.9747],[86.201,26.9702],[86.2126,26.9652],[86.2208,26.9574],[86.2214,26.9538],[86.224,26.9545],[86.2301,26.9488],[86.2369,26.9499],[86.2377,26.9464],[86.2438,26.9396],[86.2578,26.9321],[86.2603,26.928],[86.2592,26.9229],[86.262,26.9188],[86.2616,26.9141],[86.2588,26.9114],[86.2558,26.911],[86.2486,26.9148],[86.2442,26.9052],[86.2385,26.903],[86.2266,26.9035],[86.2245,26.8999],[86.2264,26.8918],[86.2248,26.8886],[86.2205,26.8899],[86.2183,26.8959],[86.206,26.8997],[86.2023,26.9052],[86.1943,26.9039],[86.1892,26.9061],[86.1734,26.9196],[86.1609,26.9257],[86.1598,26.9296],[86.1586,26.9256],[86.1602,26.9215],[86.1583,26.9186],[86.1631,26.914],[86.1709,26.9133],[86.1715,26.9102],[86.1763,26.9078],[86.1803,26.9001],[86.1879,26.8997],[86.1894,26.8943],[86.1969,26.8937],[86.2007,26.892],[86.2026,26.8888],[86.2101,26.887],[86.2213,26.8815],[86.2298,26.8803],[86.2464,26.8644],[86.2493,26.8635],[86.2593,26.8724],[86.2706,26.8778],[86.2736,26.8822],[86.2899,26.8864],[86.2965,26.8848],[86.301,26.8855],[86.3096,26.8814],[86.3128,26.8824],[86.3166,26.8787],[86.3196,26.8802],[86.3237,26.8784],[86.3432,26.8798],[86.3487,26.8771],[86.3539,26.8775],[86.3604,26.8747],[86.3646,26.8745],[86.3684,26.8722],[86.372,26.875],[86.3719,26.8798],[86.3764,26.8834],[86.3771,26.8895],[86.3796,26.8921],[86.3792,26.8962],[86.3852,26.902],[86.3851,26.9079],[86.3868,26.909],[86.3888,26.9076],[86.3962,26.9077],[86.3989,26.9093],[86.4041,26.908],[86.4058,26.9095],[86.4098,26.9068],[86.4208,26.906],[86.4251,26.9028],[86.4306,26.9022],[86.4473,26.8913],[86.4595,26.887],[86.4785,26.8869],[86.4819,26.8882],[86.4825,26.8864],[86.4798,26.8829],[86.4816,26.8759],[86.4836,26.8742],[86.4819,26.8725],[86.4823,26.8707],[86.4905,26.869],[86.4911,26.8666],[86.4953,26.8636],[86.4967,26.8605],[86.4956,26.8593],[86.4985,26.8563],[86.5028,26.8573],[86.5072,26.8557],[86.5078,26.8479],[86.5096,26.8463],[86.5141,26.8462],[86.5134,26.8428],[86.5149,26.8401],[86.5175,26.8431],[86.5201,26.8429],[86.5232,26.8345],[86.522,26.8312],[86.5396,26.8312],[86.5396,26.8331],[86.5429,26.8355],[86.5491,26.8364],[86.5542,26.8351],[86.5539,26.8313],[86.5569,26.8306],[86.554,26.8241],[86.5559,26.8145],[86.5529,26.8132],[86.5472,26.8059],[86.5483,26.8031],[86.543,26.7979],[86.538,26.7999],[86.5368,26.7978],[86.5381,26.7955],[86.5325,26.7909],[86.5337,26.7885],[86.5369,26.7869],[86.5406,26.7874],[86.5387,26.784],[86.541,26.7827],[86.5456,26.7839],[86.5506,26.7816],[86.5538,26.7863],[86.5586,26.7877],[86.56,26.7899],[86.5645,26.7891],[86.5663,26.7907],[86.5678,26.7874],[86.5674,26.7825],[86.569,26.7806],[86.5739,26.7843],[86.5803,26.7841],[86.5796,26.7754],[86.5751,26.7679],[86.5712,26.7677],[86.5702,26.7639],[86.5637,26.7577],[86.5555,26.7458],[86.5663,26.7437],[86.5763,26.7392],[86.5741,26.7331],[86.5753,26.7304],[86.5745,26.722],[86.5822,26.7163],[86.5826,26.7129],[86.5857,26.7118],[86.5836,26.7078],[86.5855,26.7015],[86.5884,26.7001],[86.5892,26.6959],[86.5907,26.6971],[86.6001,26.6969],[86.6043,26.6995],[86.6077,26.6923],[86.6131,26.6887],[86.6159,26.6936],[86.6184,26.6947],[86.6297,26.6896],[86.6306,26.694],[86.6337,26.6944],[86.6362,26.6982],[86.6441,26.6979],[86.6519,26.6894],[86.6549,26.6914],[86.659,26.6912],[86.6673,26.7041],[86.6714,26.7012],[86.6735,26.6968],[86.6729,26.6933],[86.6872,26.6877],[86.6936,26.6893],[86.7007,26.6977],[86.7052,26.699],[86.7087,26.7068],[86.7171,26.7079],[86.7204,26.7065],[86.7248,26.7093],[86.7394,26.712],[86.7424,26.7095],[86.7419,26.7055],[86.7445,26.7047],[86.7447,26.7015],[86.7483,26.699],[86.7491,26.6966],[86.7511,26.6977],[86.7556,26.6949],[86.7556,26.6859],[86.7623,26.695],[86.7666,26.6947],[86.771,26.6989],[86.7743,26.6985],[86.7782,26.7023],[86.7838,26.7013],[86.7863,26.7042],[86.8024,26.7123],[86.8087,26.7124],[86.8109,26.7086],[86.8167,26.7074],[86.8179,26.7093],[86.8212,26.709],[86.8263,26.714],[86.84,26.7095],[86.8442,26.6954],[86.8429,26.6914],[86.8445,26.6902],[86.8461,26.6928],[86.8486,26.6934],[86.8507,26.6909],[86.8536,26.6929],[86.8532,26.6961],[86.8609,26.6976],[86.8615,26.7],[86.864,26.7014],[86.8681,26.7003],[86.869,26.7096],[86.8737,26.7128],[86.8814,26.7126],[86.8848,26.7109],[86.8874,26.7117],[86.8916,26.7194],[86.8967,26.7243],[86.9002,26.7254],[86.9017,26.7289],[86.9038,26.7291],[86.9035,26.7313],[86.905,26.7304],[86.9065,26.7317],[86.9059,26.7356],[86.9089,26.7354],[86.9095,26.7384],[86.9136,26.7396],[86.9109,26.7485],[86.9111,26.7589],[86.916,26.7601],[86.9245,26.766],[86.9284,26.7628],[86.9303,26.7581],[86.9272,26.7498],[86.935,26.7404],[86.9469,26.7326],[86.9513,26.7318],[86.9695,26.7353],[86.9731,26.7306],[86.9757,26.7213],[86.9852,26.7146],[86.9866,26.7037],[86.993,26.6978],[86.9938,26.7026],[86.9983,26.7027],[87.003,26.7071],[87.0033,26.71],[87.0096,26.7085],[87.0124,26.7105],[87.012,26.7074],[87.0157,26.6999],[87.017,26.6899],[87.0132,26.6837],[87.0158,26.6705],[87.0087,26.666],[87.0048,26.6592],[87.0043,26.6553],[86.9974,26.6537],[86.9936,26.6492],[86.9935,26.6446],[86.991,26.6407],[86.9912,26.636],[86.9872,26.6324],[86.9881,26.629],[86.9813,26.6249],[86.9893,26.6127],[86.9919,26.6056],[86.9851,26.5906],[86.985,26.586],[86.9874,26.5817],[86.9942,26.5759],[86.9948,26.5717],[86.9763,26.5577],[86.9668,26.5447],[86.9588,26.542],[86.9533,26.5369],[86.9361,26.5334],[86.9289,26.5262],[86.9192,26.5121],[86.9184,26.5077],[86.9203,26.5041],[86.9187,26.5011],[86.9133,26.4988],[86.9121,26.4949],[86.9092,26.4937],[86.9094,26.4906],[86.9065,26.488],[86.8956,26.4873],[86.8964,26.4861],[86.8941,26.4858],[86.8926,26.4814],[86.8951,26.4778],[86.8942,26.476],[86.8959,26.476],[86.8946,26.4753],[86.8959,26.4733],[86.8949,26.4719],[86.8961,26.4717],[86.8947,26.4688],[86.8969,26.4688],[86.8976,26.467],[86.8962,26.4616],[86.887,26.461],[86.8864,26.4593],[86.8817,26.4567],[86.8776,26.4573],[86.8784,26.4553],[86.8754,26.4537],[86.8732,26.4552],[86.8714,26.4541],[86.8689,26.4545],[86.8691,26.4559],[86.8673,26.4552],[86.8677,26.4573],[86.8634,26.4572],[86.8643,26.4561],[86.8624,26.4559],[86.8585,26.4482],[86.8483,26.4479],[86.8478,26.4441],[86.8493,26.4416],[86.847,26.4423],[86.845,26.4398],[86.8419,26.4401],[86.8426,26.4415],[86.8404,26.4422],[86.8394,26.4398],[86.8375,26.4407],[86.8359,26.4387],[86.8069,26.446],[86.7715,26.4591],[86.7687,26.459],[86.765,26.4555],[86.7666,26.454],[86.7665,26.4509],[86.7628,26.4512],[86.7627,26.4478],[86.756,26.4461],[86.7555,26.4417],[86.7524,26.4411],[86.7497,26.4358],[86.7464,26.4346],[86.7495,26.4333],[86.7494,26.4282],[86.7431,26.4242],[86.7401,26.4253],[86.7395,26.423],[86.7352,26.4241],[86.7333,26.422],[86.7317,26.4224],[86.7328,26.4257],[86.731,26.4265],[86.7297,26.4245],[86.7275,26.4258],[86.7225,26.4345],[86.7022,26.437],[86.701,26.4424],[86.6979,26.4444],[86.6985,26.4485],[86.6958,26.4508],[86.6424,26.463],[86.6396,26.466],[86.6368,26.4658],[86.6358,26.4642],[86.6326,26.4683],[86.6323,26.4663],[86.6298,26.4667],[86.6323,26.4692],[86.6285,26.4692],[86.6318,26.4777],[86.6305,26.4786],[86.6294,26.4767],[86.6284,26.4804],[86.624,26.4814],[86.623,26.484],[86.6209,26.4833],[86.6176,26.4844],[86.6162,26.4867],[86.614,26.4853],[86.591,26.4931],[86.5727,26.4962],[86.5728,26.4976],[86.5668,26.5007],[86.5638,26.5093],[86.557,26.5158],[86.5576,26.5218],[86.5568,26.5239],[86.5533,26.5243],[86.5529,26.53],[86.5442,26.5382],[86.5262,26.5432],[86.5181,26.5389],[86.4997,26.542],[86.4579,26.5678],[86.4328,26.5726],[86.3973,26.5848],[86.3994,26.5887],[86.3993,26.5932],[86.3588,26.6039],[86.3433,26.6057],[86.3413,26.6082],[86.3472,26.6164],[86.3357,26.6186],[86.3102,26.6197],[86.2952,26.6129],[86.278,26.617],[86.2556,26.6145],[86.2545,26.6168],[86.2501,26.612],[86.2507,26.6083],[86.2484,26.6072],[86.2473,26.6091],[86.2462,26.608],[86.2467,26.606],[86.2448,26.6055],[86.2456,26.6025],[86.2425,26.6031],[86.2424,26.601],[86.2397,26.6013],[86.2394,26.599],[86.2369,26.5976],[86.2368,26.5905],[86.2337,26.5928],[86.2331,26.5911],[86.2261,26.591],[86.2196,26.5881],[86.2149,26.5922],[86.2105,26.5926],[86.2077,26.5963],[86.2039,26.5941],[86.203,26.5969],[86.2003,26.5931],[86.198,26.5941],[86.1991,26.5976],[86.1973,26.5981],[86.1989,26.6008],[86.1978,26.6077],[86.1925,26.6115],[86.1963,26.6115],[86.1946,26.6144],[86.1848,26.6134],[86.1783,26.6151],[86.1762,26.6136],[86.1739,26.6168],[86.17,26.614],[86.1637,26.6146],[86.1574,26.6096],[86.1481,26.6084],[86.1448,26.6047],[86.1384,26.6062],[86.1416,26.6161],[86.1433,26.6163],[86.1408,26.6286],[86.1217,26.6297],[86.0763,26.6494],[86.0722,26.6567],[86.0703,26.6576],[86.0293,26.6664],[86.0211,26.6608],[86.0142,26.6593],[86.0151,26.6581],[86.0121,26.6536],[86.0082,26.656],[86.0021,26.6546],[85.9782,26.6579],[85.9755,26.6545],[85.9724,26.6548],[85.9699,26.6516],[85.9674,26.6526],[85.9654,26.6502],[85.9625,26.651],[85.9614,26.649],[85.9588,26.6489],[85.9556,26.6436],[85.9563,26.6391],[85.9548,26.6371],[85.9579,26.6303],[85.9539,26.624],[85.9518,26.6244],[85.9485,26.6209],[85.9503,26.6132],[85.9426,26.6129],[85.9403,26.6159],[85.935,26.6132],[85.9308,26.6162],[85.9314,26.6139],[85.9287,26.6113],[85.9295,26.6093],[85.9162,26.6086],[85.9154,26.6042],[85.9087,26.6033],[85.9027,26.6001],[85.903,26.5947],[85.8987,26.5934],[85.894,26.5941],[85.8901,26.5829],[85.8878,26.582],[85.8818,26.5835],[85.8809,26.5815],[85.875,26.5784],[85.8729,26.5793],[85.8705,26.5746],[85.8608,26.5686],[85.8592,26.5717],[85.8543,26.5683],[85.8514,26.5686],[85.8506,26.5766],[85.8601,26.5896],[85.8533,26.6082],[85.8335,26.611],[85.8329,26.6013],[85.8198,26.6024],[85.8056,26.6146],[85.8037,26.624],[85.7716,26.6296],[85.762,26.6359],[85.7506,26.6386],[85.7383,26.6509],[85.7365,26.6502],[85.7376,26.6521],[85.7346,26.6535],[85.7345,26.6552],[85.7372,26.6572],[85.7387,26.6637],[85.7323,26.6653],[85.7331,26.6671],[85.7311,26.6667],[85.7277,26.6701],[85.7288,26.6735],[85.7258,26.6739],[85.7272,26.6817],[85.7259,26.6828],[85.7277,26.6849],[85.7256,26.6865],[85.7276,26.6951],[85.7258,26.6995],[85.7272,26.7001],[85.7268,26.7029],[85.7287,26.7062],[85.7272,26.7093],[85.7302,26.7175],[85.7283,26.721],[85.7318,26.7249],[85.7305,26.7294],[85.7337,26.7303],[85.7321,26.7343],[85.7364,26.7371],[85.731,26.7497],[85.7373,26.7772],[85.7367,26.7956],[85.7308,26.8025],[85.731,26.8078],[85.723,26.8203],[85.7066,26.8319],[85.6817,26.8434],[85.6446,26.853],[85.6367,26.8719],[85.6257,26.8733],[85.6092,26.857],[85.5874,26.8469],[85.587,26.8501],[85.5886,26.8523],[85.586,26.8579],[85.5804,26.8561],[85.5804,26.8593],[85.5776,26.8608],[85.5743,26.8567],[85.568,26.8407],[85.5599,26.8437],[85.5557,26.834],[85.5453,26.8381],[85.5221,26.8141],[85.5097,26.8165],[85.5,26.8118],[85.5011,26.8103],[85.499,26.809],[85.5002,26.8075],[85.4977,26.8011],[85.4992,26.7992],[85.4981,26.7967],[85.4821,26.8021],[85.4799,26.7922],[85.4756,26.7898],[85.4677,26.7877],[85.4665,26.7886],[85.457,26.7816],[85.4543,26.781],[85.4348,26.7898],[85.432,26.7863],[85.4277,26.7856],[85.4201,26.7901],[85.41,26.791],[85.405,26.7826],[85.4,26.7782],[85.3946,26.7751],[85.3865,26.7739],[85.3775,26.7604],[85.3716,26.758],[85.3659,26.7601],[85.3638,26.7628],[85.3575,26.76],[85.3368,26.7412],[85.3251,26.7446],[85.3215,26.7487],[85.3089,26.7519],[85.2625,26.7549],[85.2537,26.759],[85.2425,26.7616],[85.2337,26.762],[85.214,26.7576],[85.2081,26.7612],[85.2027,26.7686],[85.1993,26.7697],[85.1939,26.7818],[85.197,26.7841],[85.1956,26.7903],[85.1888,26.7906],[85.1891,26.7948],[85.1826,26.7955],[85.1817,26.7981],[85.1847,26.8006],[85.179,26.8094],[85.1792,26.8149],[85.1871,26.822],[85.1934,26.8309],[85.195,26.8385],[85.1929,26.8468],[85.1951,26.8627],[85.1948,26.8665],[85.1921,26.8698],[85.1695,26.8682],[85.1422,26.8709],[85.1364,26.8675],[85.1256,26.8711],[85.1134,26.8722],[85.1118,26.8706],[85.1017,26.8708],[85.0983,26.8668],[85.0925,26.8688],[85.0912,26.8671],[85.0889,26.8671],[85.0879,26.8643],[85.0916,26.8593],[85.0892,26.8589],[85.0897,26.8565],[85.0866,26.8552],[85.0896,26.8538],[85.0894,26.8526],[85.0859,26.8535],[85.0857,26.8563],[85.0833,26.8553],[85.0837,26.8568],[85.0821,26.8563],[85.0805,26.8585],[85.079,26.8576],[85.0804,26.8555],[85.0786,26.8567],[85.0783,26.8554],[85.0687,26.8537],[85.0681,26.8507],[85.0662,26.8494],[85.0638,26.8536],[85.0669,26.8566],[85.0647,26.8561],[85.0649,26.8579],[85.0631,26.8565],[85.0647,26.8553],[85.063,26.8536],[85.0601,26.8558],[85.0596,26.8489],[85.0242,26.8546],[85.0247,26.8562],[85.031,26.859],[85.0311,26.8621],[85.0296,26.8626],[85.0288,26.8662],[85.0324,26.8674],[85.0301,26.8704],[85.0315,26.875],[85.0383,26.8748],[85.0397,26.8778],[85.0439,26.8743],[85.0436,26.8772],[85.0453,26.8794],[85.0481,26.8783],[85.0544,26.881],[85.0506,26.8849],[85.0529,26.8829],[85.056,26.8845],[85.0574,26.8812],[85.0624,26.8867],[85.0609,26.8851],[85.0565,26.8867],[85.054,26.8859],[85.0534,26.8873],[85.0554,26.8888],[85.0247,26.8915],[85.0061,26.8948],[84.9949,26.9026],[84.9953,26.9053],[84.998,26.9064],[85.0044,26.9031],[85.0028,26.9063],[85.0039,26.9096],[85.0017,26.9119],[84.9698,26.916],[84.9729,26.9168],[84.9724,26.9201],[84.9741,26.9217],[84.9716,26.9247],[84.9741,26.9259],[84.9724,26.9287],[84.976,26.9317],[84.9788,26.9318],[84.9804,26.9356],[84.977,26.9393],[84.9805,26.94],[84.968,26.9563],[84.9681,26.958],[84.9645,26.9602],[84.9588,26.9608],[84.9555,26.9595],[84.9316,26.9684],[84.9121,26.9677],[84.9016,26.9696],[84.8978,26.9727],[84.8943,26.972],[84.895,26.9693],[84.8936,26.9696],[84.8907,26.9772],[84.8669,26.9839],[84.8612,26.9889],[84.8583,26.9863],[84.8575,26.988],[84.8595,26.9904],[84.8571,26.9923],[84.8599,26.9923],[84.86,26.9974],[84.8523,26.9981],[84.854,26.9992],[84.8548,27.0015],[84.8534,27.0028],[84.8575,27.0069],[84.8569,27.008],[84.8406,27.0138],[84.8278,27.0207],[84.8189,27.0205],[84.8156,27.0179],[84.8142,27.0205],[84.8146,27.0156],[84.8112,27.018],[84.8091,27.0144],[84.8123,27.0148],[84.8131,27.0136],[84.812,27.0107],[84.8103,27.0119],[84.8089,27.0103],[84.8091,27.0079],[84.8105,27.0075],[84.8035,27.0041],[84.8024,27.0005],[84.7993,27.0039],[84.7957,26.9955],[84.7927,26.9971],[84.7941,26.9978],[84.7931,26.9994],[84.7917,26.9969],[84.7906,26.9986],[84.7885,26.9983],[84.791,27.0087],[84.789,27.0087],[84.788,27.0107],[84.7864,27.0078],[84.7848,27.0139],[84.7752,27.0176],[84.7669,27.0127],[84.7627,27.0049],[84.7589,27.0026],[84.7318,27.0147],[84.7298,27.0133],[84.7236,27.0141],[84.7162,27.0212],[84.7118,27.0212],[84.7036,27.0268],[84.6821,27.032],[84.6449,27.0462],[84.6449,27.0483],[84.6466,27.0488],[84.6454,27.0508],[84.6485,27.0511],[84.6468,27.056],[84.6479,27.0584],[84.6451,27.0594],[84.6475,27.0637],[84.6456,27.0657],[84.6496,27.0709],[84.6485,27.0753],[84.6497,27.0763],[84.6508,27.0745],[84.6518,27.077],[84.6552,27.0774],[84.6552,27.0805],[84.6604,27.0793],[84.6605,27.0809],[84.6563,27.0817],[84.6573,27.0841],[84.66,27.0823],[84.6651,27.0866],[84.667,27.0861],[84.6654,27.089],[84.6682,27.0874],[84.6687,27.0903],[84.6725,27.0907],[84.669,27.0927],[84.6666,27.0923],[84.6669,27.0944],[84.6697,27.0933],[84.6721,27.0979],[84.6768,27.0962],[84.6777,27.103],[84.6759,27.1068],[84.677,27.1085],[84.6732,27.107],[84.6721,27.1102],[84.6748,27.1138],[84.6791,27.1149],[84.6792,27.1189],[84.6774,27.1206],[84.6811,27.1272],[84.68,27.1291],[84.6813,27.1325],[84.6795,27.1331],[84.6857,27.1434],[84.6854,27.1497],[84.6825,27.1518],[84.6846,27.1524],[84.6845,27.154],[84.6889,27.1583],[84.6865,27.1606],[84.6837,27.159],[84.6791,27.1623],[84.6795,27.1662],[84.6831,27.1686],[84.6774,27.1707],[84.6859,27.1777],[84.6837,27.1798],[84.6875,27.1806],[84.6857,27.1819],[84.686,27.184],[84.6835,27.1832],[84.6837,27.1856],[84.6814,27.1854],[84.6841,27.1882],[84.6857,27.1963],[84.6827,27.2004],[84.6894,27.2089],[84.6869,27.2128],[84.6898,27.2149],[84.6931,27.2148],[84.6917,27.2233],[84.6892,27.2238],[84.6874,27.2262],[84.6879,27.2288],[84.6841,27.2364],[84.6502,27.2976],[84.6245,27.3361],[84.6206,27.3376],[84.6099,27.3352],[84.6037,27.3385],[84.5886,27.3411],[84.5672,27.3473],[84.5357,27.3499],[84.5229,27.3534],[84.5176,27.3526],[84.5059,27.3545],[84.488,27.3583],[84.4863,27.3635],[84.4861,27.3662],[84.4901,27.3713],[84.4948,27.3727],[84.4975,27.3764],[84.5039,27.3763],[84.5062,27.3809],[84.5121,27.3805],[84.5138,27.3823],[84.522,27.3838],[84.5326,27.3808],[84.5346,27.3837],[84.5418,27.3856],[84.5377,27.3922],[84.5369,27.4015],[84.5396,27.4036],[84.548,27.4036],[84.5484,27.4079],[84.5471,27.4097],[84.5365,27.4121],[84.5346,27.4142],[84.5388,27.4151],[84.5439,27.4192],[84.5456,27.4177],[84.5505,27.4178],[84.55,27.4265],[84.5535,27.4369],[84.5584,27.4421],[84.5604,27.4598],[84.5638,27.4628],[84.5674,27.4629]]]}},{"type":"Feature","properties":{"name":"Bagmati","code":"P3","number":3},"geometry":{"type":"Polygon","coordinates":[[[85.7143,28.3857],[85.7201,28.3754],[85.7266,28.3732],[85.7212,28.3671],[85.7229,28.3622],[85.7223,28.3593],[85.7244,28.3535],[85.7286,28.3505],[85.7308,28.3424],[85.7346,28.3391],[85.7299,28.3286],[85.7382,28.3234],[85.7396,28.3191],[85.7387,28.2992],[85.7352,28.2943],[85.7354,28.2911],[85.7405,28.2845],[85.7418,28.2759],[85.7453,28.2715],[85.7453,28.2567],[85.7507,28.2489],[85.7512,28.238],[85.7566,28.2347],[85.7593,28.2287],[85.7663,28.2271],[85.7764,28.2179],[85.7782,28.2155],[85.777,28.2111],[85.7787,28.2084],[85.7845,28.2083],[85.7866,28.2053],[85.7933,28.2036],[85.8023,28.1962],[85.8096,28.1982],[85.8138,28.2024],[85.818,28.2031],[85.8204,28.1937],[85.8313,28.1848],[85.8508,28.1839],[85.8536,28.167],[85.8588,28.1614],[85.8617,28.1611],[85.8621,28.1542],[85.8641,28.1511],[85.8743,28.1442],[85.8716,28.1352],[85.8725,28.1235],[85.881,28.1172],[85.8912,28.1164],[85.8923,28.1138],[85.9004,28.1088],[85.9021,28.1035],[85.9014,28.0978],[85.9056,28.089],[85.9031,28.0849],[85.903,28.078],[85.8987,28.0741],[85.899,28.0672],[85.9031,28.0614],[85.9032,28.0537],[85.9172,28.0491],[85.9307,28.0314],[85.9382,28.0239],[85.9442,28.0229],[85.9562,28.0143],[85.9668,28.0019],[85.97,28.0001],[85.9767,28.0008],[85.9795,27.9965],[85.9806,27.9877],[85.9621,27.9673],[85.9602,27.9565],[85.9506,27.9418],[85.9699,27.9323],[85.9768,27.9259],[85.9907,27.9174],[86.0,27.9143],[86.0038,27.9109],[86.0161,27.9149],[86.0255,27.9074],[86.0304,27.9076],[86.042,27.9039],[86.0497,27.9063],[86.0528,27.9039],[86.058,27.9039],[86.0672,27.8995],[86.0718,27.9054],[86.0689,27.9108],[86.0774,27.9106],[86.0819,27.914],[86.0896,27.9166],[86.0928,27.9198],[86.1064,27.9246],[86.1113,27.9241],[86.1263,27.9274],[86.1286,27.9335],[86.126,27.9414],[86.1177,27.9453],[86.1095,27.9556],[86.1115,27.9578],[86.1118,27.9612],[86.1059,27.984],[86.0982,27.9986],[86.096,28.0],[86.0938,28.0049],[86.0914,28.0058],[86.088,28.0112],[86.0847,28.0134],[86.0817,28.0201],[86.0823,28.0223],[86.0905,28.0286],[86.0928,28.033],[86.0898,28.0402],[86.0914,28.0436],[86.0899,28.0491],[86.092,28.0574],[86.0972,28.0616],[86.0939,28.0691],[86.09,28.0737],[86.0871,28.0815],[86.0865,28.09],[86.0851,28.0907],[86.0945,28.0976],[86.1013,28.0962],[86.1065,28.0928],[86.1104,28.0934],[86.1127,28.0914],[86.1202,28.0912],[86.1265,28.0951],[86.1301,28.0994],[86.1326,28.0999],[86.1352,28.1058],[86.134,28.1073],[86.1355,28.1107],[86.1347,28.1164],[86.1393,28.1182],[86.1429,28.1175],[86.1444,28.1258],[86.1547,28.1302],[86.1626,28.1378],[86.1685,28.1379],[86.1805,28.1433],[86.1813,28.1491],[86.1782,28.1546],[86.1786,28.1623],[86.1762,28.168],[86.1891,28.1739],[86.1918,28.1727],[86.1919,28.1681],[86.195,28.1665],[86.1945,28.1602],[86.1997,28.1561],[86.1999,28.1527],[86.1979,28.1511],[86.1996,28.138],[86.2036,28.1337],[86.2079,28.1328],[86.2146,28.1234],[86.2164,28.1178],[86.2222,28.1114],[86.2209,28.1088],[86.2249,28.0955],[86.2101,28.0941],[86.2101,28.0892],[86.2066,28.0838],[86.2087,28.0762],[86.212,28.0721],[86.212,28.0652],[86.2142,28.0588],[86.2193,28.0509],[86.2178,28.0461],[86.2201,28.0436],[86.22,28.04],[86.2218,28.0364],[86.2272,28.0328],[86.2276,28.0284],[86.2234,28.0229],[86.2224,28.0098],[86.2248,28.0039],[86.2252,27.9924],[86.2288,27.9813],[86.2341,27.9772],[86.2356,27.974],[86.2398,27.9728],[86.2512,27.976],[86.2514,27.9748],[86.2572,27.9781],[86.2688,27.9802],[86.2834,27.9769],[86.2912,27.9781],[86.299,27.9728],[86.3021,27.9674],[86.302,27.961],[86.3064,27.9553],[86.3098,27.956],[86.3147,27.95],[86.3212,27.9476],[86.3377,27.9648],[86.3379,27.9598],[86.3419,27.9533],[86.34,27.9492],[86.3503,27.9373],[86.3607,27.9412],[86.3729,27.9407],[86.3837,27.9376],[86.3933,27.9256],[86.3995,27.9239],[86.4078,27.9164],[86.4087,27.9125],[86.4132,27.9063],[86.4316,27.9093],[86.4449,27.9055],[86.4481,27.9117],[86.458,27.9148],[86.4619,27.9221],[86.4723,27.9298],[86.4724,27.9346],[86.4688,27.9411],[86.4718,27.9459],[86.4771,27.9481],[86.4839,27.9477],[86.4887,27.9513],[86.4959,27.9522],[86.4963,27.9546],[86.5001,27.957],[86.518,27.9564],[86.5206,27.9529],[86.5246,27.9397],[86.5361,27.9419],[86.5421,27.9346],[86.5511,27.9286],[86.5522,27.9189],[86.5571,27.9077],[86.5567,27.9024],[86.5541,27.8981],[86.557,27.8853],[86.5534,27.8759],[86.5568,27.8599],[86.5468,27.8288],[86.5459,27.8212],[86.5429,27.8174],[86.5428,27.8146],[86.5448,27.8109],[86.5506,27.8107],[86.5695,27.8037],[86.568,27.7993],[86.5712,27.7951],[86.5712,27.7908],[86.5681,27.7855],[86.5686,27.7783],[86.5664,27.7693],[86.5685,27.7623],[86.5728,27.7591],[86.5752,27.7543],[86.5653,27.7491],[86.5657,27.7447],[86.5607,27.7382],[86.5587,27.7322],[86.5594,27.7285],[86.556,27.7193],[86.5537,27.7173],[86.5534,27.7106],[86.5427,27.7013],[86.5415,27.6963],[86.5432,27.6925],[86.5414,27.6888],[86.5414,27.6829],[86.539,27.6783],[86.5412,27.6747],[86.5408,27.6708],[86.5354,27.6625],[86.5295,27.6599],[86.5312,27.6553],[86.5286,27.6501],[86.52,27.6467],[86.5159,27.6478],[86.5138,27.6422],[86.5094,27.6399],[86.5023,27.6201],[86.4979,27.6186],[86.4949,27.6135],[86.4865,27.617],[86.479,27.6155],[86.4721,27.6168],[86.4372,27.61],[86.4326,27.604],[86.4226,27.5984],[86.4204,27.5911],[86.4158,27.5865],[86.4124,27.5862],[86.4102,27.5842],[86.4009,27.5832],[86.3906,27.5725],[86.3832,27.5712],[86.379,27.5681],[86.3716,27.5579],[86.3731,27.552],[86.372,27.5494],[86.3609,27.5395],[86.36,27.5293],[86.3573,27.5246],[86.3489,27.5232],[86.3407,27.5198],[86.3368,27.5154],[86.3356,27.5106],[86.3286,27.5048],[86.327,27.4994],[86.3218,27.4985],[86.3179,27.4922],[86.3153,27.4914],[86.3078,27.4826],[86.2974,27.4787],[86.2953,27.4762],[86.2944,27.4701],[86.2835,27.464],[86.2815,27.4646],[86.2748,27.4617],[86.2661,27.4559],[86.2566,27.4407],[86.2589,27.4369],[86.2536,27.4322],[86.2544,27.4283],[86.2503,27.4242],[86.2506,27.4203],[86.2494,27.419],[86.2443,27.4187],[86.24,27.4126],[86.2397,27.4094],[86.2369,27.4081],[86.2387,27.4043],[86.2303,27.3979],[86.2289,27.3931],[86.2298,27.3892],[86.2273,27.3871],[86.2282,27.3839],[86.2244,27.3818],[86.2271,27.3703],[86.2214,27.3619],[86.2242,27.3597],[86.2195,27.3528],[86.2208,27.3506],[86.219,27.3422],[86.2204,27.3367],[86.218,27.3333],[86.2196,27.3281],[86.2247,27.327],[86.2217,27.3223],[86.2313,27.3196],[86.2313,27.3153],[86.2337,27.3143],[86.2362,27.3072],[86.2396,27.3058],[86.2403,27.3022],[86.2378,27.2959],[86.243,27.2885],[86.2364,27.2852],[86.2291,27.2773],[86.2261,27.2772],[86.2255,27.2742],[86.2213,27.2724],[86.2186,27.2677],[86.2162,27.2686],[86.2135,27.2606],[86.2071,27.2547],[86.2075,27.2501],[86.2059,27.25],[86.2239,27.2396],[86.2325,27.2371],[86.242,27.241],[86.2456,27.2469],[86.2552,27.25],[86.2598,27.2578],[86.2639,27.2572],[86.2687,27.2608],[86.269,27.2533],[86.2795,27.2499],[86.2837,27.2456],[86.2903,27.2454],[86.2973,27.2381],[86.3085,27.2369],[86.3114,27.233],[86.3183,27.2311],[86.3301,27.2298],[86.3356,27.2307],[86.3434,27.2287],[86.3455,27.2194],[86.3425,27.2138],[86.3423,27.21],[86.3459,27.2025],[86.353,27.2005],[86.3605,27.2011],[86.3711,27.1922],[86.3814,27.193],[86.3866,27.1821],[86.3922,27.1796],[86.3869,27.1759],[86.3873,27.1731],[86.3855,27.1729],[86.3805,27.1652],[86.3815,27.1637],[86.3761,27.1587],[86.376,27.1544],[86.3728,27.1507],[86.3766,27.1474],[86.3729,27.1467],[86.3703,27.1403],[86.3659,27.1418],[86.3615,27.1391],[86.3579,27.143],[86.3473,27.1436],[86.3454,27.147],[86.3436,27.1448],[86.3433,27.1406],[86.339,27.1377],[86.3403,27.1335],[86.3375,27.1338],[86.3383,27.1317],[86.3367,27.1299],[86.3388,27.1289],[86.3371,27.1277],[86.339,27.1263],[86.337,27.126],[86.3362,27.1219],[86.3286,27.1106],[86.3266,27.1096],[86.3156,27.1106],[86.3088,27.1086],[86.3136,27.1026],[86.3195,27.1018],[86.3255,27.0988],[86.3302,27.1002],[86.3347,27.0996],[86.3436,27.1062],[86.3573,27.104],[86.3585,27.0998],[86.365,27.0992],[86.3594,27.0939],[86.3612,27.0915],[86.3607,27.0837],[86.3577,27.0812],[86.356,27.0766],[86.3576,27.075],[86.3539,27.0735],[86.3532,27.0695],[86.3494,27.0702],[86.3485,27.0657],[86.35,27.0642],[86.3532,27.0665],[86.3535,27.0613],[86.3657,27.0537],[86.3664,27.0423],[86.3694,27.0372],[86.3805,27.0348],[86.385,27.0312],[86.3844,27.0298],[86.3817,27.0311],[86.382,27.0288],[86.3764,27.023],[86.3778,27.0203],[86.3744,27.0155],[86.3765,27.0125],[86.3746,27.0105],[86.3765,27.007],[86.3755,27.0032],[86.369,27.0],[86.3706,26.9951],[86.3675,26.9796],[86.3554,26.9643],[86.3174,26.9631],[86.3121,26.9612],[86.2989,26.9521],[86.2858,26.9488],[86.2834,26.9464],[86.2807,26.9344],[86.2654,26.9268],[86.2622,26.9226],[86.262,26.9188],[86.2596,26.9212],[86.2603,26.928],[86.2578,26.9321],[86.2438,26.9396],[86.2377,26.9464],[86.2365,26.9501],[86.229,26.9492],[86.224,26.9545],[86.2212,26.954],[86.2208,26.9574],[86.2126,26.9652],[86.201,26.9702],[86.1949,26.9747],[86.1939,26.9782],[86.1896,26.9771],[86.1899,26.9821],[86.1812,26.9841],[86.1725,26.9888],[86.1695,26.9885],[86.1654,26.9916],[86.1427,26.999],[86.1087,27.0149],[86.0915,27.0188],[86.0576,27.0179],[86.0514,27.0187],[86.0499,27.0211],[86.0445,27.0193],[86.0327,27.0205],[86.0234,27.0189],[86.0173,27.0198],[86.0146,27.0184],[86.0132,27.0202],[86.0081,27.0217],[86.0042,27.0207],[85.994,27.0245],[85.9732,27.0506],[85.972,27.0607],[85.9684,27.0669],[85.9692,27.0701],[85.9678,27.0735],[85.9655,27.0729],[85.9643,27.0795],[85.9579,27.0839],[85.9523,27.0837],[85.9533,27.0875],[85.9504,27.0879],[85.9464,27.0918],[85.9382,27.1099],[85.9403,27.1212],[85.9214,27.1288],[85.9164,27.1294],[85.9144,27.1319],[85.9042,27.1351],[85.8932,27.141],[85.8889,27.1455],[85.8853,27.1461],[85.8648,27.1269],[85.8607,27.1323],[85.8572,27.1337],[85.8558,27.1377],[85.8478,27.1406],[85.838,27.1468],[85.837,27.1494],[85.8421,27.1523],[85.8459,27.1596],[85.8339,27.1664],[85.8269,27.1679],[85.8182,27.161],[85.8113,27.1614],[85.8013,27.1669],[85.796,27.1682],[85.7904,27.1735],[85.7752,27.1784],[85.7717,27.1819],[85.7526,27.1857],[85.7498,27.188],[85.7455,27.1872],[85.727,27.1948],[85.7249,27.1946],[85.7231,27.1907],[85.7191,27.1875],[85.706,27.1845],[85.7012,27.186],[85.6972,27.1838],[85.6924,27.1775],[85.6882,27.1761],[85.684,27.169],[85.6734,27.1662],[85.6719,27.1637],[85.668,27.1619],[85.6647,27.1559],[85.6583,27.1548],[85.6586,27.1523],[85.6558,27.1526],[85.6526,27.1501],[85.6491,27.1443],[85.644,27.1418],[85.6357,27.141],[85.632,27.1371],[85.6251,27.1404],[85.6224,27.1385],[85.6151,27.1414],[85.6073,27.1393],[85.6023,27.1433],[85.597,27.1403],[85.583,27.1436],[85.5734,27.1368],[85.5712,27.1432],[85.5613,27.1436],[85.5558,27.1465],[85.552,27.1454],[85.5515,27.1423],[85.554,27.1403],[85.5491,27.1403],[85.5482,27.1436],[85.5446,27.1442],[85.5445,27.1459],[85.5389,27.1485],[85.5354,27.1462],[85.5333,27.1409],[85.5304,27.1401],[85.5029,27.1433],[85.4985,27.1457],[85.4935,27.1538],[85.4918,27.1543],[85.4954,27.1619],[85.5062,27.1631],[85.5056,27.1656],[85.5018,27.1674],[85.5057,27.1723],[85.5032,27.1755],[85.4974,27.1734],[85.4963,27.1696],[85.4885,27.1641],[85.4745,27.1616],[85.4717,27.1623],[85.4691,27.1658],[85.4595,27.1658],[85.4552,27.1681],[85.4556,27.1774],[85.4517,27.1802],[85.4524,27.1834],[85.4504,27.1865],[85.4388,27.187],[85.4359,27.1901],[85.4289,27.1928],[85.4205,27.1898],[85.4115,27.1967],[85.3995,27.1974],[85.3984,27.2005],[85.3995,27.2059],[85.3957,27.2101],[85.3874,27.2071],[85.3788,27.2118],[85.3751,27.2097],[85.3648,27.2125],[85.3619,27.2105],[85.351,27.2219],[85.3399,27.2195],[85.3351,27.2227],[85.3197,27.2269],[85.3096,27.2315],[85.3063,27.2296],[85.2953,27.2326],[85.291,27.2308],[85.2829,27.2309],[85.2818,27.2285],[85.2742,27.229],[85.2696,27.226],[85.2641,27.2264],[85.26,27.2289],[85.2603,27.2339],[85.2556,27.238],[85.2538,27.2447],[85.2447,27.2485],[85.2389,27.2474],[85.234,27.2431],[85.2269,27.2452],[85.2222,27.2437],[85.2174,27.2465],[85.2106,27.2451],[85.209,27.2481],[85.2047,27.25],[85.2018,27.2489],[85.2001,27.2458],[85.1951,27.2448],[85.1814,27.2482],[85.1795,27.2493],[85.1832,27.2543],[85.1773,27.2534],[85.1732,27.2545],[85.1699,27.2599],[85.1582,27.2618],[85.154,27.2655],[85.1533,27.2683],[85.1475,27.2727],[85.147,27.2827],[85.1416,27.2854],[85.139,27.2899],[85.1289,27.2923],[85.1277,27.3009],[85.1231,27.3019],[85.1212,27.3141],[85.119,27.3176],[85.1061,27.32],[85.1054,27.323],[85.0967,27.3331],[85.0943,27.3399],[85.0953,27.3483],[85.0945,27.3521],[85.0928,27.3531],[85.0936,27.3563],[85.0903,27.3579],[85.0888,27.3609],[85.073,27.3641],[85.0695,27.3601],[85.0677,27.3624],[85.0637,27.3602],[85.062,27.3612],[85.0623,27.3631],[85.0584,27.3654],[85.0387,27.3571],[85.0342,27.3603],[85.0268,27.3584],[85.0232,27.3565],[85.0237,27.3518],[85.0154,27.3551],[85.0062,27.3526],[85.0031,27.3555],[85.0028,27.3618],[85.0011,27.3653],[84.997,27.3652],[84.9905,27.3614],[84.9837,27.3619],[84.9797,27.3559],[84.9741,27.3549],[84.9678,27.3583],[84.9664,27.3634],[84.959,27.3589],[84.956,27.3612],[84.9585,27.364],[84.954,27.3667],[84.9516,27.362],[84.9471,27.36],[84.9476,27.3622],[84.9432,27.3629],[84.9431,27.3655],[84.9381,27.3662],[84.9356,27.3643],[84.9331,27.3655],[84.9284,27.3639],[84.9239,27.3704],[84.9163,27.3725],[84.9106,27.377],[84.903,27.3747],[84.9,27.379],[84.8989,27.3852],[84.8935,27.387],[84.8921,27.3891],[84.884,27.3878],[84.8807,27.393],[84.881,27.3958],[84.8789,27.3974],[84.8737,27.399],[84.8663,27.3967],[84.8541,27.3983],[84.8533,27.4041],[84.8465,27.4116],[84.8431,27.4118],[84.8426,27.4145],[84.8399,27.4141],[84.8359,27.4175],[84.8319,27.416],[84.8275,27.4193],[84.8178,27.4188],[84.8123,27.4157],[84.8114,27.4242],[84.802,27.4299],[84.7994,27.435],[84.7931,27.4375],[84.7822,27.4348],[84.7766,27.4386],[84.7725,27.4386],[84.7705,27.4368],[84.7605,27.4373],[84.7575,27.4355],[84.7509,27.4375],[84.7455,27.4418],[84.7416,27.4402],[84.7403,27.4421],[84.7367,27.4418],[84.7369,27.444],[84.7282,27.4444],[84.723,27.4375],[84.7211,27.431],[84.7071,27.4328],[84.6928,27.4323],[84.6729,27.4288],[84.6649,27.4295],[84.6639,27.4328],[84.6586,27.4324],[84.6498,27.4289],[84.6457,27.4364],[84.6451,27.4426],[84.6371,27.4442],[84.6304,27.4506],[84.625,27.4495],[84.6239,27.4517],[84.6122,27.4518],[84.609,27.4541],[84.6034,27.4509],[84.5995,27.4542],[84.5932,27.453],[84.5869,27.4562],[84.5846,27.4562],[84.584,27.4541],[84.578,27.4537],[84.5752,27.4586],[84.57,27.4603],[84.5674,27.4629],[84.5638,27.4628],[84.5599,27.4586],[84.5582,27.4416],[84.5535,27.4369],[84.55,27.4265],[84.5505,27.4178],[84.5456,27.4177],[84.5439,27.4192],[84.5388,27.4151],[84.5346,27.4142],[84.5365,27.4121],[84.5471,27.4097],[84.5484,27.4079],[84.548,27.4036],[84.5396,27.4036],[84.5369,27.4015],[84.5377,27.3922],[84.5418,27.3856],[84.5346,27.3837],[84.5326,27.3808],[84.522,27.3838],[84.5138,27.3823],[84.5121,27.3805],[84.5062,27.3809],[84.5039,27.3763],[84.4975,27.3764],[84.4948,27.3727],[84.4899,27.3711],[84.486,27.3659],[84.488,27.3583],[84.4781,27.3623],[84.473,27.3548],[84.4684,27.3564],[84.4669,27.3595],[84.4486,27.3635],[84.446,27.3684],[84.4433,27.37],[84.4375,27.3693],[84.4264,27.3718],[84.4225,27.3697],[84.4162,27.3706],[84.4125,27.3683],[84.4082,27.3702],[84.3992,27.3701],[84.394,27.368],[84.3897,27.3721],[84.375,27.3764],[84.3738,27.3751],[84.3583,27.3732],[84.3502,27.374],[84.3399,27.3776],[84.3347,27.3772],[84.3308,27.38],[84.3197,27.3819],[84.3159,27.385],[84.3027,27.3902],[84.2998,27.3886],[84.297,27.3842],[84.294,27.3847],[84.2846,27.3963],[84.2785,27.3954],[84.2777,27.4009],[84.2813,27.4065],[84.2797,27.4096],[84.2803,27.4154],[84.2757,27.4211],[84.2747,27.4286],[84.2608,27.4385],[84.2616,27.4456],[84.2569,27.4492],[84.2564,27.4519],[84.2482,27.4529],[84.2462,27.4545],[84.2413,27.4523],[84.2338,27.4561],[84.2291,27.4508],[84.223,27.4474],[84.2217,27.4402],[84.2107,27.4424],[84.2087,27.4464],[84.2099,27.4561],[84.206,27.4594],[84.211,27.4652],[84.2079,27.4695],[84.1966,27.4731],[84.1932,27.469],[84.1908,27.4719],[84.1737,27.4755],[84.1732,27.4789],[84.1696,27.4794],[84.1693,27.4816],[84.1657,27.4836],[84.1558,27.4838],[84.154,27.4858],[84.151,27.4857],[84.1509,27.4888],[84.1475,27.4927],[84.1483,27.4953],[84.1465,27.4967],[84.1521,27.5007],[84.1504,27.5028],[84.1514,27.5091],[84.1534,27.51],[84.152,27.5123],[84.1532,27.5162],[84.1479,27.5186],[84.1458,27.5169],[84.1404,27.5174],[84.1319,27.5117],[84.1263,27.5109],[84.1196,27.5135],[84.1188,27.5191],[84.113,27.5192],[84.1107,27.5216],[84.1,27.517],[84.1018,27.5102],[84.1008,27.5054],[84.0993,27.5048],[84.1008,27.5023],[84.0976,27.4894],[84.0935,27.4887],[84.093,27.4859],[84.0861,27.4831],[84.0802,27.4838],[84.0749,27.4803],[84.0728,27.4816],[84.0688,27.4695],[84.0642,27.4667],[84.0629,27.4618],[84.0606,27.461],[84.0639,27.4557],[84.0568,27.4492],[84.0542,27.4426],[84.0457,27.4431],[84.0377,27.4407],[84.0338,27.4414],[84.0331,27.4388],[84.0299,27.4396],[84.028,27.4382],[84.0293,27.4334],[84.0248,27.4329],[84.0207,27.4359],[84.0179,27.4346],[84.014,27.4387],[84.0113,27.4374],[84.0097,27.4403],[84.0074,27.4395],[84.0073,27.442],[84.0045,27.442],[84.0038,27.4401],[84.0009,27.4419],[84.0002,27.4405],[83.9983,27.446],[83.9937,27.444],[83.9861,27.4437],[83.9796,27.4391],[83.9799,27.4423],[83.9747,27.4419],[83.9682,27.4464],[83.9647,27.4438],[83.948,27.441],[83.9453,27.4433],[83.9463,27.4458],[83.9443,27.4475],[83.9333,27.4494],[83.9375,27.4508],[83.9414,27.4549],[83.9467,27.4656],[83.9408,27.4913],[83.9432,27.4937],[83.9656,27.5036],[83.9702,27.508],[83.9716,27.5152],[83.967,27.523],[83.9551,27.5273],[83.953,27.5263],[83.9484,27.5183],[83.944,27.5155],[83.9333,27.5128],[83.9277,27.5145],[83.9238,27.5183],[83.9243,27.5241],[83.922,27.5264],[83.9208,27.5328],[83.9218,27.5404],[83.9265,27.5444],[83.9338,27.5452],[83.9505,27.54],[83.9565,27.5428],[83.9598,27.5482],[83.9725,27.5504],[83.9874,27.5437],[83.9952,27.5433],[84.001,27.5453],[84.0076,27.5446],[84.0204,27.5383],[84.0333,27.537],[84.0409,27.5403],[84.0461,27.552],[84.0527,27.5563],[84.0586,27.5553],[84.0665,27.5511],[84.0697,27.552],[84.073,27.5572],[84.0767,27.5593],[84.0924,27.5545],[84.1094,27.5515],[84.1168,27.5531],[84.1215,27.5562],[84.1219,27.5599],[84.1277,27.5659],[84.1299,27.5746],[84.1374,27.5843],[84.1532,27.5982],[84.1664,27.6067],[84.1785,27.6189],[84.2088,27.6386],[84.2203,27.6434],[84.231,27.6452],[84.2432,27.6516],[84.2524,27.6539],[84.26,27.6509],[84.2644,27.6564],[84.2731,27.6627],[84.2945,27.6681],[84.3161,27.6801],[84.3251,27.6863],[84.3275,27.6938],[84.3458,27.7021],[84.3524,27.7026],[84.3622,27.6981],[84.3673,27.6884],[84.375,27.6827],[84.381,27.6811],[84.409,27.6956],[84.4321,27.7048],[84.4335,27.7082],[84.4329,27.713],[84.4242,27.7411],[84.429,27.7423],[84.4352,27.741],[84.4392,27.7426],[84.4527,27.7591],[84.4598,27.7591],[84.4701,27.7517],[84.4728,27.752],[84.4741,27.7539],[84.4695,27.767],[84.4627,27.7735],[84.4512,27.7781],[84.4415,27.7782],[84.4334,27.7867],[84.432,27.7927],[84.4345,27.8125],[84.4424,27.8164],[84.4472,27.8227],[84.4671,27.8187],[84.4683,27.8198],[84.4676,27.824],[84.4723,27.824],[84.4949,27.8192],[84.4986,27.8207],[84.5051,27.8195],[84.5136,27.8153],[84.5192,27.8159],[84.5225,27.8211],[84.5225,27.8296],[84.5241,27.8321],[84.5413,27.8335],[84.5483,27.8316],[84.5573,27.8356],[84.5602,27.8448],[84.559,27.8525],[84.5609,27.8577],[84.5696,27.8587],[84.5785,27.8634],[84.5791,27.8707],[84.5827,27.8742],[84.5929,27.8796],[84.5982,27.8761],[84.6056,27.8752],[84.6071,27.872],[84.6107,27.8714],[84.6159,27.8729],[84.6171,27.8769],[84.6231,27.8803],[84.629,27.8779],[84.6298,27.8719],[84.636,27.8687],[84.6361,27.8622],[84.6377,27.8601],[84.6511,27.8595],[84.6521,27.8583],[84.649,27.8549],[84.6495,27.8532],[84.6574,27.8521],[84.6622,27.8497],[84.6662,27.8404],[84.6633,27.8287],[84.6696,27.8228],[84.6702,27.8183],[84.6793,27.8155],[84.6872,27.8101],[84.7096,27.8064],[84.7101,27.8023],[84.7133,27.8003],[84.716,27.8002],[84.7209,27.8035],[84.7237,27.8011],[84.7296,27.7997],[84.733,27.7954],[84.7392,27.7988],[84.741,27.8038],[84.756,27.8062],[84.7584,27.8088],[84.7591,27.8143],[84.7648,27.818],[84.7672,27.8183],[84.7712,27.8154],[84.7707,27.8115],[84.7753,27.8084],[84.7841,27.8132],[84.7841,27.8155],[84.7792,27.8187],[84.7759,27.824],[84.7753,27.8292],[84.7781,27.8351],[84.7729,27.8387],[84.7721,27.8426],[84.7697,27.8436],[84.7702,27.8515],[84.7675,27.8535],[84.7673,27.8591],[84.7615,27.8592],[84.7582,27.8615],[84.7556,27.8733],[84.7481,27.88],[84.7514,27.8859],[84.7397,27.8905],[84.7379,27.8926],[84.7398,27.8968],[84.7354,27.9068],[84.7373,27.9152],[84.7356,27.9245],[84.7342,27.9256],[84.7386,27.9283],[84.7386,27.9306],[84.7363,27.931],[84.7361,27.9329],[84.7416,27.9364],[84.7433,27.9472],[84.7487,27.9551],[84.7481,27.9599],[84.7594,27.9632],[84.7629,27.967],[84.7713,27.9671],[84.7769,27.9712],[84.7773,27.9729],[84.7736,27.9758],[84.7738,27.9771],[84.7791,27.9774],[84.7808,27.9812],[84.7863,27.9831],[84.7872,27.9868],[84.7902,27.9891],[84.7903,27.9951],[84.7923,27.9978],[84.7991,27.9979],[84.7996,28.0021],[84.806,28.0002],[84.8135,28.0027],[84.8155,28.0091],[84.8117,28.0166],[84.815,28.0211],[84.8158,28.0282],[84.8117,28.0344],[84.8117,28.0378],[84.8143,28.0427],[84.8206,28.0475],[84.8207,28.0541],[84.8235,28.058],[84.8231,28.0629],[84.8266,28.0665],[84.8301,28.0749],[84.8338,28.0846],[84.834,28.0894],[84.8395,28.0947],[84.8393,28.1039],[84.8447,28.1105],[84.8443,28.1144],[84.8459,28.1161],[84.8518,28.1183],[84.8569,28.1224],[84.8612,28.1199],[84.8645,28.1214],[84.8716,28.1203],[84.875,28.1165],[84.8832,28.1126],[84.8876,28.1053],[84.8947,28.0998],[84.9026,28.1065],[84.9158,28.1027],[84.9203,28.1032],[84.9238,28.1064],[84.9224,28.1151],[84.931,28.1261],[84.9414,28.1255],[84.945,28.1224],[84.9591,28.1265],[84.9605,28.1359],[84.9564,28.1433],[84.9601,28.147],[84.9595,28.1553],[84.963,28.1594],[84.9641,28.1687],[84.9679,28.1743],[84.9663,28.1777],[84.9697,28.1846],[84.9761,28.1901],[84.9731,28.1943],[84.9728,28.1989],[84.9697,28.2017],[84.9696,28.2042],[84.9643,28.2125],[84.9714,28.2221],[84.9793,28.2265],[84.9938,28.2445],[85.0,28.2403],[85.0009,28.241],[85.0013,28.2443],[85.0049,28.2479],[85.0033,28.2526],[85.0072,28.2551],[85.0296,28.2615],[85.034,28.2791],[85.0402,28.2917],[85.0351,28.3032],[85.0434,28.3117],[85.0451,28.3195],[85.0489,28.3257],[85.0552,28.3268],[85.0706,28.3397],[85.0828,28.3457],[85.0906,28.3462],[85.0952,28.3445],[85.1102,28.3464],[85.123,28.3356],[85.1309,28.3379],[85.1373,28.3323],[85.1426,28.3303],[85.1691,28.3314],[85.1835,28.3241],[85.1958,28.333],[85.2006,28.3392],[85.2047,28.3405],[85.2324,28.3229],[85.2437,28.3176],[85.2469,28.3127],[85.2494,28.303],[85.2553,28.2983],[85.257,28.2943],[85.269,28.298],[85.2727,28.2972],[85.2758,28.2936],[85.2752,28.2876],[85.2948,28.2873],[85.3004,28.2906],[85.3058,28.2897],[85.3208,28.2939],[85.3252,28.2958],[85.3276,28.2989],[85.3426,28.3038],[85.3505,28.3015],[85.3494,28.2912],[85.3505,28.2883],[85.3549,28.2865],[85.3724,28.2856],[85.3778,28.2826],[85.3799,28.2784],[85.3942,28.2883],[85.399,28.294],[85.4,28.2981],[85.4143,28.3082],[85.4164,28.3159],[85.4154,28.3236],[85.4177,28.3269],[85.4269,28.33],[85.4325,28.3301],[85.4396,28.3346],[85.4542,28.3351],[85.4603,28.3368],[85.4777,28.3332],[85.4859,28.333],[85.4897,28.331],[85.5088,28.3338],[85.5283,28.3281],[85.5411,28.3198],[85.5455,28.3189],[85.5501,28.3149],[85.564,28.3096],[85.5782,28.3102],[85.5831,28.3061],[85.5943,28.3085],[85.6029,28.3042],[85.5989,28.2988],[85.6013,28.2791],[85.6059,28.2644],[85.6086,28.2609],[85.6093,28.2568],[85.611,28.2567],[85.6279,28.2659],[85.6377,28.2737],[85.6444,28.2824],[85.6474,28.2896],[85.663,28.3028],[85.6636,28.3057],[85.6561,28.3173],[85.6596,28.3243],[85.6636,28.326],[85.6667,28.3315],[85.6681,28.3478],[85.6785,28.3505],[85.6885,28.3467],[85.6862,28.3823],[85.6976,28.3855],[85.7032,28.3844],[85.7143,28.3857]]]}},{"type":"Feature","properties":{"name":"Gandaki","code":"P4","number":4},"geometry":{"type":"Polygon","coordinates":[[[83.9657,29.331],[83.978,29.3286],[83.9905,29.3208],[83.9938,29.3204],[84.0011,29.3149],[84.0034,29.3107],[84.0016,29.3065],[83.9917,29.3033],[83.9899,29.3004],[84.0006,29.2948],[84.0064,29.2959],[84.0127,29.2943],[84.0179,29.2889],[84.0254,29.2891],[84.0285,29.2856],[84.0323,29.2932],[84.046,29.3008],[84.0552,29.2974],[84.0552,29.294],[84.0586,29.2903],[84.0654,29.2897],[84.0709,29.2852],[84.0827,29.2884],[84.0878,29.2945],[84.0899,29.2945],[84.1017,29.2905],[84.1044,29.2869],[84.1107,29.285],[84.1167,29.2802],[84.1223,29.2797],[84.1197,29.2767],[84.124,29.2735],[84.1238,29.2703],[84.1208,29.2651],[84.1145,29.263],[84.117,29.2586],[84.114,29.2537],[84.1158,29.2518],[84.1145,29.2481],[84.1185,29.2441],[84.1216,29.2453],[84.1301,29.2431],[84.1433,29.2361],[84.1534,29.2407],[84.1595,29.2417],[84.1699,29.241],[84.1815,29.2377],[84.185,29.2415],[84.1948,29.2441],[84.2032,29.24],[84.2051,29.2366],[84.2011,29.2309],[84.2,29.2253],[84.2019,29.2139],[84.197,29.2117],[84.1905,29.2057],[84.1833,29.2078],[84.1797,29.2067],[84.1752,29.201],[84.1707,29.1998],[84.1665,29.1948],[84.1689,29.1903],[84.1644,29.1852],[84.1692,29.1774],[84.169,29.174],[84.1714,29.1721],[84.1681,29.1641],[84.1697,29.1574],[84.1755,29.1497],[84.1749,29.1406],[84.1769,29.1308],[84.1887,29.1263],[84.2031,29.1239],[84.202,29.1126],[84.2038,29.1037],[84.1981,29.099],[84.1979,29.0929],[84.1929,29.0846],[84.1883,29.0807],[84.19,29.0777],[84.1884,29.0738],[84.1886,29.0682],[84.1908,29.0647],[84.1918,29.0469],[84.1986,29.0465],[84.2112,29.0536],[84.2237,29.0534],[84.2292,29.0513],[84.2381,29.0445],[84.2444,29.0442],[84.25,29.0372],[84.2488,29.0291],[84.25,29.0277],[84.25,29.0126],[84.2449,29.0068],[84.2416,28.9973],[84.2432,28.9922],[84.2404,28.9876],[84.2408,28.9819],[84.2439,28.9761],[84.2412,28.9714],[84.2415,28.969],[84.2375,28.9683],[84.2374,28.9641],[84.2336,28.9596],[84.2315,28.9466],[84.2277,28.9417],[84.2267,28.9259],[84.2226,28.9156],[84.2276,28.9035],[84.2279,28.8942],[84.2306,28.8924],[84.256,28.8902],[84.2604,28.8955],[84.2677,28.8977],[84.2742,28.8927],[84.2762,28.8866],[84.2861,28.8826],[84.29,28.8769],[84.3108,28.8693],[84.3178,28.8697],[84.323,28.8674],[84.3258,28.8626],[84.3355,28.8646],[84.3373,28.8685],[84.3453,28.8729],[84.3592,28.8593],[84.3675,28.8616],[84.3714,28.8608],[84.3774,28.8643],[84.3846,28.8616],[84.3944,28.8604],[84.4061,28.8542],[84.4111,28.8535],[84.4098,28.8429],[84.4015,28.8372],[84.4028,28.8301],[84.4106,28.8286],[84.421,28.8315],[84.4296,28.8235],[84.4375,28.8208],[84.4318,28.8132],[84.4342,28.8014],[84.441,28.7959],[84.4475,28.7933],[84.4461,28.7865],[84.4482,28.7831],[84.4419,28.7764],[84.4387,28.7694],[84.4541,28.7647],[84.4626,28.7512],[84.4684,28.7517],[84.4778,28.7469],[84.4825,28.747],[84.4855,28.7414],[84.494,28.7346],[84.4965,28.7356],[84.5021,28.7427],[84.5123,28.7452],[84.5169,28.7485],[84.5271,28.7421],[84.5359,28.7453],[84.5426,28.7441],[84.5589,28.7521],[84.5594,28.7469],[84.5695,28.7414],[84.5739,28.7351],[84.589,28.7345],[84.5945,28.7365],[84.608,28.7333],[84.6175,28.7366],[84.6285,28.7364],[84.6316,28.7326],[84.6412,28.7287],[84.6457,28.7251],[84.6467,28.7198],[84.6499,28.7186],[84.6529,28.7143],[84.6528,28.7023],[84.6637,28.6987],[84.6665,28.6946],[84.6687,28.6941],[84.6711,28.6899],[84.6705,28.6833],[84.6782,28.6789],[84.6904,28.6787],[84.6986,28.6717],[84.7071,28.671],[84.6994,28.6534],[84.704,28.6473],[84.7003,28.6394],[84.697,28.6363],[84.716,28.6329],[84.7238,28.6273],[84.7274,28.6205],[84.7331,28.6201],[84.739,28.6168],[84.7491,28.6182],[84.7575,28.6134],[84.766,28.6126],[84.77,28.6104],[84.7829,28.6094],[84.8593,28.5705],[84.8638,28.5771],[84.8693,28.5815],[84.8714,28.5824],[84.8775,28.5806],[84.8817,28.5824],[84.8883,28.5825],[84.8925,28.5886],[84.9014,28.5898],[84.9032,28.5931],[84.9092,28.588],[84.915,28.5895],[84.9219,28.5951],[84.9342,28.5936],[84.941,28.5956],[84.9471,28.5947],[84.9497,28.5901],[84.9511,28.58],[84.967,28.5867],[84.9741,28.5866],[84.9768,28.5896],[84.9856,28.5913],[84.9951,28.5997],[84.9883,28.605],[84.9911,28.6128],[85.0024,28.6227],[85.0111,28.637],[85.0194,28.6393],[85.0252,28.6488],[85.0331,28.656],[85.0426,28.6579],[85.0434,28.6683],[85.0543,28.6699],[85.0568,28.6769],[85.0559,28.6803],[85.0608,28.6823],[85.0735,28.6784],[85.0827,28.6714],[85.0862,28.6708],[85.091,28.6715],[85.0967,28.6782],[85.1041,28.6817],[85.1128,28.6833],[85.1176,28.6864],[85.1347,28.6758],[85.1373,28.6664],[85.1421,28.6655],[85.1479,28.6609],[85.1474,28.6564],[85.1566,28.6486],[85.1594,28.6428],[85.1834,28.6443],[85.1907,28.6409],[85.1871,28.6321],[85.1935,28.6307],[85.2003,28.6266],[85.1996,28.6207],[85.1955,28.6121],[85.192,28.6091],[85.1912,28.6049],[85.1759,28.5973],[85.1775,28.592],[85.1836,28.5873],[85.1848,28.5833],[85.1838,28.5788],[85.1938,28.5689],[85.187,28.5612],[85.1906,28.5538],[85.1912,28.5471],[85.1887,28.54],[85.1888,28.5334],[85.1712,28.5333],[85.1684,28.5319],[85.1673,28.5261],[85.1683,28.5212],[85.1592,28.5094],[85.1593,28.4978],[85.1551,28.4904],[85.1468,28.4855],[85.133,28.4857],[85.1288,28.4877],[85.1207,28.4854],[85.1189,28.4811],[85.1155,28.4795],[85.1149,28.4712],[85.1065,28.4599],[85.1017,28.4567],[85.1025,28.4515],[85.105,28.4477],[85.1165,28.443],[85.1149,28.4332],[85.1197,28.4156],[85.1181,28.4087],[85.1212,28.402],[85.1271,28.3967],[85.1289,28.3922],[85.1242,28.3858],[85.1241,28.3725],[85.1174,28.367],[85.1153,28.357],[85.1102,28.3464],[85.0952,28.3445],[85.0906,28.3462],[85.0828,28.3457],[85.0696,28.3391],[85.0552,28.3268],[85.0489,28.3257],[85.0451,28.3195],[85.0434,28.3117],[85.0349,28.3026],[85.0402,28.2917],[85.034,28.2791],[85.0302,28.2622],[85.004,28.253],[85.0029,28.2515],[85.0049,28.2479],[85.0013,28.2443],[85.0009,28.241],[85.0,28.2403],[84.9938,28.2445],[84.9793,28.2265],[84.9726,28.2232],[84.9669,28.2172],[84.9645,28.212],[84.9696,28.2042],[84.9697,28.2017],[84.9728,28.1989],[84.9731,28.1943],[84.9761,28.1901],[84.9697,28.1846],[84.9663,28.1777],[84.9679,28.1743],[84.9641,28.1687],[84.963,28.1594],[84.9595,28.1553],[84.9601,28.147],[84.9564,28.1433],[84.9605,28.1359],[84.9591,28.1265],[84.945,28.1224],[84.9414,28.1255],[84.931,28.1261],[84.9224,28.1151],[84.9238,28.1064],[84.9203,28.1032],[84.9158,28.1027],[84.9026,28.1065],[84.8947,28.0998],[84.8876,28.1053],[84.8832,28.1126],[84.875,28.1165],[84.8716,28.1203],[84.8645,28.1214],[84.8612,28.1199],[84.8569,28.1224],[84.8518,28.1183],[84.8459,28.1161],[84.8443,28.1144],[84.8447,28.1105],[84.8393,28.1039],[84.8395,28.0947],[84.834,28.0894],[84.8338,28.0846],[84.8301,28.0749],[84.8266,28.0665],[84.8231,28.0629],[84.8235,28.058],[84.8207,28.0541],[84.8206,28.0475],[84.8143,28.0427],[84.8117,28.0378],[84.8117,28.0344],[84.8158,28.0282],[84.815,28.0211],[84.8117,28.0166],[84.8155,28.0091],[84.8135,28.0027],[84.806,28.0002],[84.7996,28.0021],[84.7991,27.9979],[84.7923,27.9978],[84.7903,27.9951],[84.7902,27.9891],[84.7872,27.9868],[84.7863,27.9831],[84.7808,27.9812],[84.7791,27.9774],[84.7738,27.9771],[84.7736,27.9758],[84.7773,27.9729],[84.7769,27.9712],[84.7713,27.9671],[84.7629,27.967],[84.7594,27.9632],[84.7481,27.9599],[84.7487,27.9551],[84.7433,27.9472],[84.7416,27.9364],[84.7361,27.9329],[84.7363,27.931],[84.7386,27.9306],[84.7386,27.9283],[84.7342,27.9256],[84.7356,27.9245],[84.7373,27.9152],[84.7354,27.9068],[84.7398,27.8968],[84.7379,27.8926],[84.7397,27.8905],[84.7514,27.8859],[84.7481,27.88],[84.7556,27.8733],[84.7582,27.8615],[84.7615,27.8592],[84.7673,27.8591],[84.7675,27.8535],[84.7702,27.8515],[84.7697,27.8436],[84.7721,27.8426],[84.7729,27.8387],[84.7781,27.8351],[84.7753,27.8292],[84.7759,27.824],[84.7846,27.8136],[84.7753,27.8084],[84.7707,27.8115],[84.7712,27.8154],[84.7672,27.8183],[84.7648,27.818],[84.7591,27.8143],[84.7584,27.8088],[84.756,27.8062],[84.741,27.8038],[84.7392,27.7988],[84.733,27.7954],[84.7296,27.7997],[84.7237,27.8011],[84.7209,27.8035],[84.716,27.8002],[84.7133,27.8003],[84.7101,27.8023],[84.7096,27.8064],[84.6872,27.8101],[84.6793,27.8155],[84.6702,27.8183],[84.6696,27.8228],[84.6633,27.8287],[84.6662,27.8404],[84.6622,27.8497],[84.6574,27.8521],[84.6495,27.8532],[84.649,27.8549],[84.6521,27.8583],[84.6511,27.8595],[84.6377,27.8601],[84.6361,27.8622],[84.636,27.8687],[84.6298,27.8719],[84.629,27.8779],[84.6231,27.8803],[84.6171,27.8769],[84.6159,27.8729],[84.6107,27.8714],[84.6071,27.872],[84.6056,27.8752],[84.5982,27.8761],[84.5929,27.8796],[84.5827,27.8742],[84.5791,27.8707],[84.5785,27.8634],[84.5696,27.8587],[84.5609,27.8577],[84.559,27.8525],[84.5602,27.8448],[84.5573,27.8356],[84.5483,27.8316],[84.5413,27.8335],[84.5241,27.8321],[84.5225,27.8296],[84.5225,27.8211],[84.5192,27.8159],[84.5136,27.8153],[84.5051,27.8195],[84.4986,27.8207],[84.4949,27.8192],[84.4723,27.824],[84.4676,27.824],[84.4683,27.8198],[84.4671,27.8187],[84.4472,27.8227],[84.4424,27.8164],[84.4345,27.8125],[84.432,27.7927],[84.4334,27.7867],[84.4415,27.7782],[84.4512,27.7781],[84.4627,27.7735],[84.4695,27.767],[84.4741,27.7539],[84.4728,27.752],[84.4701,27.7517],[84.4598,27.7591],[84.4527,27.7591],[84.4392,27.7426],[84.4352,27.741],[84.429,27.7423],[84.4242,27.7411],[84.4333,27.7112],[84.4316,27.7045],[84.4103,27.6962],[84.3802,27.6811],[84.375,27.6827],[84.3673,27.6884],[84.3622,27.6981],[84.3524,27.7026],[84.3458,27.7021],[84.3275,27.6938],[84.3251,27.6863],[84.3161,27.6801],[84.2945,27.6681],[84.2731,27.6627],[84.2644,27.6564],[84.26,27.6509],[84.2524,27.6539],[84.2432,27.6516],[84.231,27.6452],[84.2203,27.6434],[84.2088,27.6386],[84.1785,27.6189],[84.1664,27.6067],[84.1532,27.5982],[84.1374,27.5843],[84.1299,27.5746],[84.1277,27.5659],[84.1219,27.5599],[84.1215,27.5562],[84.1168,27.5531],[84.1094,27.5515],[84.0924,27.5545],[84.0767,27.5593],[84.073,27.5572],[84.0697,27.552],[84.0665,27.5511],[84.0586,27.5553],[84.0527,27.5563],[84.0461,27.552],[84.0409,27.5403],[84.0333,27.537],[84.0204,27.5383],[84.0076,27.5446],[84.001,27.5453],[83.9952,27.5433],[83.9874,27.5437],[83.9725,27.5504],[83.9598,27.5482],[83.9565,27.5428],[83.9505,27.54],[83.9338,27.5452],[83.9265,27.5444],[83.9218,27.5404],[83.9208,27.5328],[83.922,27.5264],[83.9243,27.5241],[83.9238,27.5183],[83.9277,27.5145],[83.9333,27.5128],[83.944,27.5155],[83.949,27.5189],[83.9534,27.5267],[83.9564,27.5274],[83.9682,27.5218],[83.9715,27.5159],[83.9711,27.5104],[83.9693,27.5067],[83.9639,27.5024],[83.9432,27.4937],[83.9408,27.4913],[83.9467,27.4656],[83.9384,27.4516],[83.9179,27.4421],[83.8976,27.4376],[83.8912,27.4433],[83.8898,27.4463],[83.8892,27.4555],[83.8919,27.4615],[83.8857,27.4639],[83.8887,27.4722],[83.8872,27.4809],[83.8798,27.485],[83.8768,27.4891],[83.8857,27.4959],[83.8889,27.4955],[83.8937,27.4991],[83.8998,27.4986],[83.896,27.504],[83.8892,27.5082],[83.8829,27.5075],[83.8778,27.5102],[83.8804,27.5201],[83.8848,27.5231],[83.8845,27.5277],[83.8725,27.5411],[83.8609,27.5454],[83.8573,27.5483],[83.8527,27.5588],[83.8493,27.5601],[83.8437,27.556],[83.8439,27.549],[83.8382,27.5448],[83.8394,27.5511],[83.8349,27.559],[83.8337,27.5655],[83.8436,27.5724],[83.8382,27.5856],[83.8236,27.5925],[83.8171,27.5894],[83.8102,27.5885],[83.8115,27.5952],[83.8083,27.5967],[83.8031,27.596],[83.792,27.6062],[83.8017,27.6117],[83.7994,27.6201],[83.8073,27.6207],[83.8031,27.6294],[83.8045,27.6321],[83.8119,27.6353],[83.8124,27.6398],[83.8099,27.6429],[83.8106,27.6457],[83.8086,27.6474],[83.8122,27.6484],[83.8147,27.6531],[83.8119,27.6553],[83.8139,27.6622],[83.8018,27.6653],[83.7853,27.6668],[83.7703,27.6664],[83.7648,27.661],[83.7612,27.6634],[83.7603,27.6672],[83.7468,27.6666],[83.7429,27.6695],[83.7352,27.6691],[83.7272,27.6723],[83.7225,27.6697],[83.7173,27.6625],[83.7124,27.6613],[83.7101,27.6589],[83.7079,27.6587],[83.7054,27.662],[83.6974,27.6613],[83.7009,27.6698],[83.7014,27.6762],[83.7043,27.6791],[83.7037,27.6813],[83.7067,27.6826],[83.7027,27.6885],[83.6918,27.698],[83.6916,27.7076],[83.6848,27.718],[83.6791,27.7184],[83.6843,27.7207],[83.6936,27.7186],[83.6972,27.7158],[83.7163,27.7155],[83.7236,27.7105],[83.7306,27.7089],[83.7344,27.714],[83.7415,27.7148],[83.7472,27.7189],[83.7532,27.7208],[83.7584,27.72],[83.7619,27.7223],[83.7658,27.7215],[83.7844,27.7249],[83.7944,27.7217],[83.8035,27.7211],[83.813,27.7141],[83.8225,27.7104],[83.827,27.7138],[83.8357,27.7138],[83.8406,27.7107],[83.8483,27.7093],[83.8509,27.7118],[83.8466,27.7161],[83.8462,27.7271],[83.8439,27.7303],[83.847,27.7348],[83.8538,27.7331],[83.8712,27.7345],[83.8776,27.733],[83.8788,27.7357],[83.8822,27.7333],[83.8857,27.7348],[83.8908,27.73],[83.8952,27.7311],[83.8985,27.7299],[83.9009,27.7318],[83.9052,27.7305],[83.9066,27.7355],[83.9103,27.734],[83.9087,27.7313],[83.9152,27.7309],[83.918,27.7282],[83.9211,27.7294],[83.9235,27.7266],[83.9262,27.7266],[83.9271,27.7305],[83.9304,27.7341],[83.9469,27.744],[83.9486,27.7436],[83.9526,27.7473],[83.9604,27.7463],[83.9626,27.7481],[83.9678,27.7468],[83.9728,27.7496],[83.9744,27.7477],[83.9782,27.7473],[83.9827,27.7492],[83.9875,27.7479],[83.992,27.749],[83.9964,27.7513],[83.9944,27.7534],[83.9949,27.7613],[84.0016,27.7756],[84.0024,27.7884],[84.0089,27.7973],[84.0145,27.801],[84.0172,27.8115],[84.0222,27.8151],[84.0222,27.8178],[84.0238,27.8189],[84.0271,27.8181],[84.0288,27.8204],[84.0271,27.8351],[84.0223,27.8407],[84.0244,27.8433],[84.0246,27.8483],[84.0306,27.8562],[84.0222,27.8617],[84.0194,27.8611],[84.0174,27.8579],[84.0237,27.8545],[84.0247,27.8523],[84.0234,27.851],[84.0192,27.851],[84.0087,27.8546],[84.0024,27.8545],[84.0,27.8559],[83.9988,27.8639],[83.9964,27.8661],[83.9805,27.8659],[83.9764,27.8678],[83.9736,27.8724],[83.9702,27.8701],[83.9604,27.8728],[83.9548,27.8697],[83.9505,27.8693],[83.9413,27.8779],[83.9389,27.8775],[83.9343,27.8723],[83.9268,27.868],[83.9224,27.8713],[83.9159,27.8709],[83.9128,27.8725],[83.9159,27.8776],[83.9122,27.8801],[83.8944,27.8859],[83.8831,27.8822],[83.8825,27.8872],[83.8796,27.8882],[83.8754,27.8854],[83.8632,27.8821],[83.8621,27.8798],[83.8633,27.8762],[83.8604,27.8734],[83.8537,27.8744],[83.8531,27.8811],[83.8473,27.8814],[83.8457,27.8793],[83.8495,27.8724],[83.8476,27.8683],[83.838,27.8696],[83.823,27.8776],[83.8181,27.874],[83.8093,27.873],[83.7994,27.8823],[83.7906,27.8853],[83.7771,27.9031],[83.7643,27.9098],[83.7582,27.909],[83.7603,27.9045],[83.7592,27.9029],[83.7528,27.9069],[83.7468,27.9078],[83.7446,27.9045],[83.7496,27.9012],[83.7483,27.8997],[83.7451,27.8999],[83.7372,27.9043],[83.7356,27.9085],[83.7252,27.9136],[83.7212,27.92],[83.7131,27.9164],[83.7035,27.9183],[83.7004,27.9168],[83.6915,27.9237],[83.6881,27.918],[83.6851,27.9162],[83.6816,27.9199],[83.684,27.924],[83.6783,27.9272],[83.6723,27.9243],[83.6679,27.9196],[83.657,27.9023],[83.6511,27.9022],[83.6468,27.8984],[83.6431,27.9022],[83.6363,27.8992],[83.6345,27.9018],[83.6335,27.91],[83.6355,27.914],[83.629,27.9145],[83.623,27.9175],[83.6288,27.9246],[83.6282,27.9259],[83.6224,27.9263],[83.6211,27.9291],[83.6185,27.9304],[83.6128,27.925],[83.6027,27.9232],[83.595,27.931],[83.5766,27.9301],[83.5755,27.9315],[83.5784,27.937],[83.573,27.9429],[83.5696,27.9402],[83.5676,27.9345],[83.5619,27.9347],[83.5505,27.9279],[83.5472,27.9291],[83.5399,27.9279],[83.5384,27.9311],[83.5388,27.9369],[83.533,27.939],[83.5326,27.9319],[83.5261,27.9239],[83.5239,27.9257],[83.525,27.9298],[83.5184,27.9372],[83.5107,27.9406],[83.5079,27.94],[83.5049,27.9369],[83.5071,27.9343],[83.5118,27.9328],[83.5079,27.9284],[83.5,27.9268],[83.4925,27.929],[83.4859,27.9225],[83.4703,27.9281],[83.4625,27.9342],[83.4547,27.9325],[83.4509,27.9283],[83.4423,27.9325],[83.4423,27.935],[83.4474,27.9392],[83.4449,27.9429],[83.4455,27.9446],[83.4579,27.9496],[83.4636,27.9537],[83.4687,27.964],[83.4849,27.9815],[83.4884,27.9817],[83.4936,27.9784],[83.5024,27.9767],[83.5132,27.9673],[83.5239,27.9637],[83.5288,27.9663],[83.5331,27.9646],[83.5362,27.9683],[83.5432,27.9712],[83.5483,27.9712],[83.552,27.9766],[83.5564,27.9763],[83.5608,27.9735],[83.5722,27.9758],[83.5796,27.9742],[83.5811,27.9792],[83.5872,27.9787],[83.5862,27.9873],[83.5954,27.9893],[83.6053,27.9971],[83.6069,28.0119],[83.6008,28.015],[83.5984,28.0205],[83.5932,28.0214],[83.5918,28.0259],[83.5863,28.0259],[83.5805,28.0338],[83.5725,28.0325],[83.5636,28.0356],[83.5661,28.0405],[83.5612,28.0434],[83.566,28.0579],[83.563,28.0642],[83.5695,28.0648],[83.5746,28.0735],[83.5827,28.0774],[83.5784,28.0816],[83.5772,28.0874],[83.5692,28.0896],[83.5647,28.0926],[83.5671,28.1006],[83.5572,28.1064],[83.5563,28.117],[83.5463,28.1207],[83.5402,28.12],[83.534,28.1164],[83.5274,28.1207],[83.5229,28.1198],[83.5191,28.1213],[83.5124,28.1268],[83.5075,28.1255],[83.5017,28.1173],[83.4878,28.1132],[83.4845,28.1171],[83.4761,28.1189],[83.4786,28.1225],[83.4803,28.13],[83.4757,28.1322],[83.4687,28.1319],[83.4646,28.1298],[83.4595,28.1322],[83.4532,28.1263],[83.448,28.1249],[83.4408,28.1308],[83.4253,28.1251],[83.4218,28.1286],[83.4202,28.137],[83.4156,28.1376],[83.4133,28.1439],[83.4088,28.1457],[83.4081,28.1483],[83.4018,28.1507],[83.3968,28.1557],[83.3921,28.1672],[83.3862,28.1637],[83.3773,28.1743],[83.3725,28.1764],[83.3719,28.1826],[83.3664,28.186],[83.3645,28.1922],[83.3578,28.1956],[83.3575,28.1973],[83.3545,28.1976],[83.3523,28.1943],[83.3463,28.1933],[83.3402,28.1899],[83.3322,28.1889],[83.3185,28.1902],[83.3083,28.1977],[83.3002,28.1928],[83.2897,28.1925],[83.2825,28.1896],[83.2801,28.1909],[83.2757,28.1875],[83.2708,28.1971],[83.2675,28.1993],[83.2612,28.1999],[83.2605,28.2039],[83.2567,28.2067],[83.2538,28.214],[83.2462,28.2171],[83.2441,28.2197],[83.2358,28.2217],[83.2352,28.2257],[83.2278,28.2325],[83.2279,28.2352],[83.2248,28.2361],[83.222,28.2407],[83.2178,28.2437],[83.2174,28.2483],[83.2079,28.2518],[83.2058,28.2557],[83.1911,28.2651],[83.1868,28.2706],[83.1698,28.2578],[83.1649,28.2632],[83.1637,28.267],[83.1575,28.2707],[83.1467,28.2623],[83.139,28.2529],[83.1328,28.25],[83.1297,28.2506],[83.1264,28.2576],[83.1206,28.2564],[83.1183,28.2538],[83.1115,28.2516],[83.1077,28.2521],[83.103,28.2555],[83.0955,28.2568],[83.0995,28.2736],[83.099,28.277],[83.0943,28.2778],[83.0872,28.289],[83.0808,28.2913],[83.0779,28.2975],[83.0714,28.3018],[83.0709,28.3108],[83.0689,28.3132],[83.0636,28.3175],[83.0532,28.3188],[83.0467,28.3245],[83.042,28.3221],[83.0352,28.3216],[83.0272,28.3247],[83.0205,28.3254],[83.0149,28.3327],[83.0062,28.3325],[82.996,28.3508],[82.982,28.3593],[82.9691,28.3575],[82.9567,28.36],[82.9587,28.3643],[82.9571,28.3715],[82.9528,28.3741],[82.9499,28.3786],[82.9524,28.3839],[82.9495,28.3865],[82.9482,28.3911],[82.9442,28.3937],[82.9456,28.3983],[82.94,28.3985],[82.9384,28.402],[82.9247,28.4011],[82.9181,28.4026],[82.9212,28.409],[82.9205,28.4173],[82.9142,28.4273],[82.9163,28.4341],[82.9116,28.4369],[82.908,28.4429],[82.9026,28.4472],[82.896,28.4476],[82.8883,28.4523],[82.8889,28.4558],[82.8851,28.4604],[82.8846,28.4664],[82.8825,28.4679],[82.8806,28.4735],[82.8812,28.4762],[82.8886,28.4795],[82.9059,28.4753],[82.9138,28.4783],[82.9137,28.4805],[82.9078,28.4834],[82.898,28.4924],[82.8922,28.5],[82.8903,28.5065],[82.8793,28.5153],[82.8966,28.5153],[82.916,28.5275],[82.9133,28.5297],[82.9155,28.5377],[82.9138,28.5427],[82.9168,28.5521],[82.9156,28.5554],[82.9177,28.5588],[82.9182,28.5643],[82.9228,28.5671],[82.9286,28.5674],[82.935,28.5654],[82.9378,28.5626],[82.9421,28.5615],[82.945,28.558],[82.954,28.5557],[82.9576,28.5513],[82.9615,28.5519],[82.9659,28.55],[82.9758,28.5422],[82.9793,28.5461],[82.9875,28.5639],[82.9874,28.5707],[82.9844,28.5712],[82.9804,28.5755],[82.9746,28.5751],[82.9642,28.5818],[82.9607,28.5886],[82.9563,28.593],[82.9546,28.598],[82.9589,28.608],[82.9584,28.6104],[82.969,28.6153],[82.9741,28.6204],[82.9765,28.6268],[82.9789,28.6288],[82.9849,28.6307],[82.9915,28.6261],[82.9958,28.6267],[83.0,28.6234],[83.0111,28.6236],[83.0211,28.6216],[83.0267,28.6263],[83.0375,28.6256],[83.0448,28.6298],[83.053,28.6257],[83.0595,28.62],[83.0692,28.6233],[83.0828,28.6255],[83.0863,28.6307],[83.0983,28.635],[83.1139,28.631],[83.1179,28.6314],[83.1172,28.6434],[83.1252,28.6539],[83.127,28.6639],[83.1212,28.6689],[83.1209,28.6732],[83.1248,28.6766],[83.1303,28.6739],[83.1368,28.6736],[83.141,28.6753],[83.1484,28.6817],[83.1444,28.6896],[83.1456,28.6935],[83.1515,28.6954],[83.1545,28.701],[83.1519,28.7043],[83.153,28.7119],[83.1485,28.7181],[83.1462,28.7254],[83.1481,28.7307],[83.1446,28.7338],[83.1448,28.742],[83.1474,28.747],[83.1561,28.7477],[83.1885,28.7435],[83.2021,28.7351],[83.2119,28.7318],[83.2181,28.7338],[83.225,28.7405],[83.2313,28.7428],[83.239,28.7396],[83.2414,28.7348],[83.25,28.7303],[83.2611,28.7261],[83.2726,28.7251],[83.2789,28.7218],[83.284,28.7256],[83.2999,28.7316],[83.3106,28.7326],[83.3151,28.7355],[83.3276,28.7378],[83.3519,28.7359],[83.3583,28.7336],[83.364,28.734],[83.3764,28.7444],[83.3797,28.7539],[83.3854,28.7564],[83.3905,28.763],[83.4023,28.7607],[83.4125,28.7605],[83.4385,28.7687],[83.4481,28.7688],[83.4583,28.7737],[83.4632,28.78],[83.4855,28.7828],[83.489,28.7905],[83.4901,28.802],[83.4872,28.8121],[83.4821,28.8171],[83.4817,28.8241],[83.4856,28.8321],[83.4824,28.8377],[83.4837,28.8446],[83.494,28.8464],[83.5,28.8425],[83.5039,28.8461],[83.5041,28.8516],[83.5083,28.8569],[83.5081,28.8651],[83.5015,28.8771],[83.5081,28.8846],[83.5167,28.8895],[83.525,28.8979],[83.5296,28.9038],[83.5307,28.9086],[83.5375,28.9113],[83.5483,28.9218],[83.5586,28.9337],[83.56,28.9384],[83.5591,28.9416],[83.5607,28.9448],[83.569,28.9433],[83.5733,28.9472],[83.5769,28.9538],[83.5821,28.9561],[83.5847,28.9612],[83.5837,28.9649],[83.5875,28.9676],[83.5895,28.9725],[83.589,28.9769],[83.5941,28.9836],[83.6012,28.9856],[83.6066,28.9801],[83.6113,28.9802],[83.6171,28.9876],[83.6165,28.9986],[83.619,29.0061],[83.614,29.0147],[83.6186,29.0188],[83.6162,29.0223],[83.6174,29.0275],[83.6146,29.0359],[83.6211,29.0457],[83.6202,29.0551],[83.6217,29.0597],[83.6287,29.0624],[83.6331,29.0624],[83.6336,29.0649],[83.6316,29.0715],[83.6328,29.081],[83.6255,29.0882],[83.6182,29.0925],[83.6177,29.0983],[83.6227,29.0978],[83.6309,29.1068],[83.6384,29.1073],[83.6483,29.1041],[83.652,29.1044],[83.6546,29.1092],[83.6527,29.1134],[83.6535,29.119],[83.6623,29.1244],[83.6825,29.1234],[83.6809,29.125],[83.6814,29.1316],[83.677,29.137],[83.6779,29.1489],[83.6743,29.1528],[83.6649,29.1567],[83.6641,29.1649],[83.6682,29.1697],[83.6595,29.1761],[83.6656,29.184],[83.6602,29.1874],[83.6606,29.196],[83.658,29.2],[83.658,29.2039],[83.6771,29.2077],[83.6863,29.2131],[83.6988,29.2263],[83.703,29.2346],[83.7093,29.2378],[83.7133,29.2445],[83.7239,29.2415],[83.7327,29.2449],[83.7402,29.244],[83.7427,29.2454],[83.7588,29.2425],[83.7642,29.2399],[83.7697,29.2408],[83.7726,29.2437],[83.7732,29.2468],[83.7802,29.2476],[83.7835,29.2443],[83.7994,29.25],[83.7993,29.2535],[83.8044,29.2563],[83.796,29.2734],[83.7966,29.2774],[83.7994,29.2818],[83.804,29.2818],[83.8099,29.2858],[83.813,29.2908],[83.8101,29.2946],[83.8147,29.2986],[83.8148,29.302],[83.8252,29.3028],[83.8312,29.2983],[83.8371,29.3009],[83.8411,29.2981],[83.8461,29.2989],[83.8502,29.2976],[83.8563,29.3016],[83.8588,29.3098],[83.8726,29.3123],[83.8895,29.3201],[83.9001,29.3188],[83.9029,29.3235],[83.9069,29.3257],[83.9138,29.3231],[83.9219,29.3232],[83.9296,29.3184],[83.9357,29.3197],[83.9432,29.3163],[83.9489,29.3165],[83.9578,29.3261],[83.9657,29.331]],[[84.2427,29.0],[84.2427,29.0],[84.243,29.0],[84.2427,29.0]]]}},{"type":"Feature","properties":{"name":"Lumbini","code":"P5","number":5},"geometry":{"type":"Polygon","coordinates":[[[82.6726,28.8523],[82.6804,28.8547],[82.6874,28.8613],[82.6976,28.8646],[82.7066,28.8545],[82.714,28.8514],[82.7257,28.8497],[82.7283,28.8462],[82.738,28.8479],[82.7403,28.846],[82.7437,28.8457],[82.7499,28.8326],[82.7567,28.8255],[82.7587,28.821],[82.7614,28.8197],[82.7621,28.816],[82.7655,28.8136],[82.7678,28.8085],[82.7837,28.8242],[82.7953,28.8198],[82.7988,28.8215],[82.8013,28.8206],[82.8191,28.8312],[82.8222,28.8298],[82.8354,28.8302],[82.8376,28.8316],[82.8457,28.8264],[82.8499,28.8273],[82.8565,28.8321],[82.8661,28.8318],[82.8695,28.8341],[82.8751,28.8311],[82.8815,28.8303],[82.8879,28.826],[82.8948,28.8266],[82.8981,28.8246],[82.9028,28.8292],[82.9058,28.8295],[82.9068,28.8322],[82.9195,28.8313],[82.9322,28.827],[82.944,28.827],[82.9492,28.8289],[82.9516,28.8276],[82.9526,28.8237],[82.9586,28.8209],[82.9678,28.8203],[82.9678,28.8165],[82.9757,28.8092],[82.9778,28.8033],[82.9829,28.8006],[82.9993,28.8038],[83.0071,28.7995],[83.0143,28.7989],[83.0243,28.7906],[83.032,28.7931],[83.0381,28.7927],[83.0477,28.7864],[83.0671,28.7838],[83.0704,28.7799],[83.0812,28.7861],[83.0837,28.7794],[83.0971,28.7676],[83.1002,28.7665],[83.1043,28.7602],[83.1046,28.7534],[83.1142,28.7471],[83.1156,28.7435],[83.1343,28.7479],[83.1435,28.7463],[83.1474,28.747],[83.1448,28.742],[83.1446,28.7338],[83.1481,28.7307],[83.1462,28.7254],[83.1485,28.7181],[83.153,28.7119],[83.1519,28.7043],[83.1545,28.701],[83.1515,28.6954],[83.1456,28.6935],[83.1444,28.6896],[83.1484,28.6817],[83.141,28.6753],[83.1368,28.6736],[83.1303,28.6739],[83.1248,28.6766],[83.1209,28.6732],[83.1212,28.6689],[83.127,28.6639],[83.1252,28.6539],[83.1172,28.6434],[83.1179,28.6314],[83.1139,28.631],[83.0983,28.635],[83.0863,28.6307],[83.0828,28.6255],[83.0692,28.6233],[83.0595,28.62],[83.053,28.6257],[83.0448,28.6298],[83.0375,28.6256],[83.0267,28.6263],[83.0211,28.6216],[83.0111,28.6236],[83.0,28.6234],[82.9958,28.6267],[82.9915,28.6261],[82.9849,28.6307],[82.9789,28.6288],[82.9765,28.6268],[82.9741,28.6204],[82.969,28.6153],[82.9584,28.6104],[82.9589,28.608],[82.9546,28.598],[82.9563,28.593],[82.9607,28.5886],[82.9642,28.5818],[82.9746,28.5751],[82.9804,28.5755],[82.9844,28.5712],[82.9874,28.5707],[82.9875,28.5639],[82.9841,28.5588],[82.9824,28.5507],[82.9758,28.5422],[82.9659,28.55],[82.9615,28.5519],[82.9576,28.5513],[82.954,28.5557],[82.945,28.558],[82.9421,28.5615],[82.9378,28.5626],[82.9345,28.5657],[82.9257,28.5675],[82.9184,28.5645],[82.9138,28.5427],[82.9155,28.5377],[82.9133,28.5297],[82.916,28.5275],[82.8966,28.5153],[82.8793,28.5153],[82.8903,28.5065],[82.8922,28.5],[82.8963,28.4941],[82.9076,28.4835],[82.9133,28.481],[82.9139,28.4787],[82.9059,28.4753],[82.8887,28.4795],[82.8812,28.4762],[82.8807,28.4733],[82.8825,28.4679],[82.8846,28.4664],[82.8848,28.4611],[82.8889,28.4558],[82.8883,28.4523],[82.896,28.4476],[82.9026,28.4472],[82.908,28.4429],[82.9116,28.4369],[82.9163,28.4341],[82.9142,28.4273],[82.9205,28.4173],[82.9212,28.409],[82.9181,28.4026],[82.9247,28.4011],[82.9384,28.402],[82.94,28.3985],[82.9456,28.3983],[82.9442,28.3937],[82.9482,28.3911],[82.9495,28.3865],[82.9524,28.3839],[82.9499,28.3786],[82.9528,28.3741],[82.9571,28.3715],[82.9587,28.3643],[82.9567,28.36],[82.9691,28.3575],[82.982,28.3593],[82.996,28.3508],[83.0062,28.3325],[83.0149,28.3327],[83.021,28.3253],[83.0358,28.3216],[83.042,28.3221],[83.0462,28.3246],[83.0532,28.3188],[83.0636,28.3175],[83.0708,28.3112],[83.0714,28.3018],[83.0779,28.2975],[83.0808,28.2913],[83.0872,28.289],[83.0943,28.2778],[83.099,28.277],[83.0995,28.2736],[83.0955,28.2568],[83.103,28.2555],[83.1077,28.2521],[83.1115,28.2516],[83.1183,28.2538],[83.1206,28.2564],[83.1264,28.2576],[83.1297,28.2506],[83.1328,28.25],[83.139,28.2529],[83.1467,28.2623],[83.1575,28.2707],[83.1637,28.267],[83.1649,28.2632],[83.1698,28.2578],[83.1868,28.2706],[83.1911,28.2651],[83.2058,28.2557],[83.2079,28.2518],[83.2174,28.2483],[83.2178,28.2437],[83.222,28.2407],[83.2248,28.2361],[83.2279,28.2352],[83.2278,28.2325],[83.2352,28.2257],[83.2358,28.2217],[83.2441,28.2197],[83.2462,28.2171],[83.2538,28.214],[83.2567,28.2067],[83.2605,28.2039],[83.2612,28.1999],[83.2675,28.1993],[83.2708,28.1971],[83.2757,28.1875],[83.2801,28.1909],[83.2825,28.1896],[83.2897,28.1925],[83.3002,28.1928],[83.3083,28.1977],[83.3185,28.1902],[83.3322,28.1889],[83.3402,28.1899],[83.3463,28.1933],[83.3523,28.1943],[83.3545,28.1976],[83.3575,28.1973],[83.3578,28.1956],[83.3645,28.1922],[83.3664,28.186],[83.3719,28.1826],[83.3725,28.1764],[83.3773,28.1743],[83.3862,28.1637],[83.3921,28.1672],[83.3968,28.1557],[83.4018,28.1507],[83.4081,28.1483],[83.4088,28.1457],[83.4133,28.1439],[83.4156,28.1376],[83.4202,28.137],[83.4218,28.1286],[83.4253,28.1251],[83.4408,28.1308],[83.448,28.1249],[83.4532,28.1263],[83.4595,28.1322],[83.4646,28.1298],[83.4687,28.1319],[83.4757,28.1322],[83.4803,28.13],[83.4786,28.1225],[83.4761,28.1189],[83.4845,28.1171],[83.4878,28.1132],[83.5017,28.1173],[83.5075,28.1255],[83.5124,28.1268],[83.5191,28.1213],[83.5229,28.1198],[83.5274,28.1207],[83.534,28.1164],[83.5402,28.12],[83.5463,28.1207],[83.5563,28.117],[83.5572,28.1064],[83.5671,28.1006],[83.5647,28.0926],[83.5692,28.0896],[83.5772,28.0874],[83.5784,28.0816],[83.5827,28.0774],[83.5746,28.0735],[83.5695,28.0648],[83.563,28.0642],[83.566,28.0579],[83.5612,28.0434],[83.5661,28.0405],[83.5636,28.0356],[83.5725,28.0325],[83.5805,28.0338],[83.5863,28.0259],[83.5918,28.0259],[83.5932,28.0214],[83.5984,28.0205],[83.6008,28.015],[83.6069,28.0119],[83.6053,27.9971],[83.5954,27.9893],[83.5862,27.9873],[83.5872,27.9787],[83.5811,27.9792],[83.5796,27.9742],[83.5722,27.9758],[83.5608,27.9735],[83.5564,27.9763],[83.552,27.9766],[83.5483,27.9712],[83.5432,27.9712],[83.5362,27.9683],[83.5331,27.9646],[83.5288,27.9663],[83.5239,27.9637],[83.5132,27.9673],[83.5024,27.9767],[83.4936,27.9784],[83.4884,27.9817],[83.4849,27.9815],[83.4687,27.964],[83.4636,27.9537],[83.4579,27.9496],[83.4455,27.9446],[83.4449,27.9429],[83.4474,27.9392],[83.4423,27.935],[83.4423,27.9325],[83.4509,27.9283],[83.4547,27.9325],[83.4625,27.9342],[83.4703,27.9281],[83.4859,27.9225],[83.4925,27.929],[83.5,27.9268],[83.5079,27.9284],[83.5118,27.9328],[83.5071,27.9343],[83.5049,27.9369],[83.5079,27.94],[83.5107,27.9406],[83.5184,27.9372],[83.525,27.9298],[83.5239,27.9257],[83.5261,27.9239],[83.5326,27.9319],[83.533,27.939],[83.5388,27.9369],[83.5384,27.9311],[83.5399,27.9279],[83.5472,27.9291],[83.5505,27.9279],[83.5619,27.9347],[83.5676,27.9345],[83.5696,27.9402],[83.573,27.9429],[83.5784,27.937],[83.5755,27.9315],[83.5766,27.9301],[83.595,27.931],[83.6027,27.9232],[83.6128,27.925],[83.6185,27.9304],[83.6211,27.9291],[83.6224,27.9263],[83.6282,27.9259],[83.6288,27.9246],[83.623,27.9175],[83.629,27.9145],[83.6355,27.914],[83.6335,27.91],[83.6345,27.9018],[83.6363,27.8992],[83.6431,27.9022],[83.6468,27.8984],[83.6511,27.9022],[83.657,27.9023],[83.6679,27.9196],[83.6723,27.9243],[83.6783,27.9272],[83.684,27.924],[83.6816,27.9199],[83.6851,27.9162],[83.6881,27.918],[83.6915,27.9237],[83.7004,27.9168],[83.7035,27.9183],[83.7131,27.9164],[83.7212,27.92],[83.7252,27.9136],[83.7356,27.9085],[83.7372,27.9043],[83.7451,27.8999],[83.7483,27.8997],[83.7496,27.9012],[83.7446,27.9045],[83.7468,27.9078],[83.7528,27.9069],[83.7592,27.9029],[83.7603,27.9045],[83.7582,27.909],[83.7643,27.9098],[83.7771,27.9031],[83.7906,27.8853],[83.7994,27.8823],[83.8093,27.873],[83.8181,27.874],[83.823,27.8776],[83.838,27.8696],[83.8476,27.8683],[83.8495,27.8724],[83.8457,27.8793],[83.8473,27.8814],[83.8531,27.8811],[83.8537,27.8744],[83.8604,27.8734],[83.8633,27.8762],[83.8621,27.8798],[83.8632,27.8821],[83.8754,27.8854],[83.8796,27.8882],[83.8825,27.8872],[83.8831,27.8822],[83.8944,27.8859],[83.9122,27.8801],[83.9159,27.8776],[83.9128,27.8725],[83.9159,27.8709],[83.9224,27.8713],[83.9268,27.868],[83.9343,27.8723],[83.9389,27.8775],[83.9413,27.8779],[83.9505,27.8693],[83.9548,27.8697],[83.9604,27.8728],[83.9702,27.8701],[83.9736,27.8724],[83.9764,27.8678],[83.9805,27.8659],[83.9964,27.8661],[83.9988,27.8639],[84.0,27.8559],[84.0024,27.8545],[84.0087,27.8546],[84.0192,27.851],[84.0234,27.851],[84.0247,27.8523],[84.0237,27.8545],[84.0174,27.8579],[84.0194,27.8611],[84.0222,27.8617],[84.0306,27.8562],[84.0246,27.8483],[84.0244,27.8433],[84.0223,27.8407],[84.0271,27.8351],[84.0288,27.8204],[84.0271,27.8181],[84.0238,27.8189],[84.0222,27.8178],[84.0222,27.8151],[84.0172,27.8115],[84.0145,27.801],[84.0089,27.7973],[84.0024,27.7884],[84.0016,27.7756],[83.9949,27.7613],[83.9944,27.7534],[83.9964,27.7513],[83.992,27.749],[83.9875,27.7479],[83.9827,27.7492],[83.9782,27.7473],[83.9744,27.7477],[83.9728,27.7496],[83.9678,27.7468],[83.9626,27.7481],[83.9604,27.7463],[83.9526,27.7473],[83.9486,27.7436],[83.9469,27.744],[83.9304,27.7341],[83.9271,27.7305],[83.9262,27.7266],[83.9235,27.7266],[83.9211,27.7294],[83.918,27.7282],[83.9152,27.7309],[83.9087,27.7313],[83.9103,27.734],[83.9066,27.7355],[83.9052,27.7305],[83.9009,27.7318],[83.8985,27.7299],[83.8952,27.7311],[83.8908,27.73],[83.8857,27.7348],[83.8822,27.7333],[83.8788,27.7357],[83.8776,27.733],[83.8712,27.7345],[83.8538,27.7331],[83.847,27.7348],[83.8439,27.7303],[83.8462,27.7271],[83.8466,27.7161],[83.8509,27.7118],[83.8483,27.7093],[83.8406,27.7107],[83.8357,27.7138],[83.827,27.7138],[83.8225,27.7104],[83.813,27.7141],[83.8035,27.7211],[83.7944,27.7217],[83.7844,27.7249],[83.7658,27.7215],[83.7619,27.7223],[83.7584,27.72],[83.7532,27.7208],[83.7472,27.7189],[83.7415,27.7148],[83.7344,27.714],[83.7306,27.7089],[83.7236,27.7105],[83.7163,27.7155],[83.6972,27.7158],[83.6936,27.7186],[83.6843,27.7207],[83.6791,27.7184],[83.6848,27.718],[83.6916,27.7076],[83.6918,27.698],[83.7027,27.6885],[83.7067,27.6826],[83.7037,27.6813],[83.7043,27.6791],[83.7014,27.6762],[83.7009,27.6698],[83.6974,27.6613],[83.7054,27.662],[83.7079,27.6587],[83.7101,27.6589],[83.7124,27.6613],[83.7173,27.6625],[83.7225,27.6697],[83.7272,27.6723],[83.7352,27.6691],[83.7429,27.6695],[83.7468,27.6666],[83.7603,27.6672],[83.7612,27.6634],[83.7648,27.661],[83.7703,27.6664],[83.7853,27.6668],[83.8018,27.6653],[83.8139,27.6622],[83.8119,27.6553],[83.8147,27.6531],[83.8122,27.6484],[83.8086,27.6474],[83.8106,27.6457],[83.8099,27.6429],[83.8124,27.6398],[83.8119,27.6353],[83.8045,27.6321],[83.8031,27.6294],[83.8073,27.6207],[83.7994,27.6201],[83.802,27.6123],[83.8001,27.6099],[83.7961,27.6095],[83.7925,27.607],[83.7926,27.6049],[83.8031,27.596],[83.8083,27.5967],[83.8115,27.5952],[83.8102,27.5885],[83.8171,27.5894],[83.8232,27.5925],[83.838,27.5858],[83.8436,27.5724],[83.8337,27.5655],[83.8349,27.559],[83.8394,27.5511],[83.8382,27.5448],[83.8439,27.549],[83.8433,27.5539],[83.8454,27.558],[83.8491,27.5602],[83.8527,27.5588],[83.8573,27.5483],[83.8609,27.5454],[83.8725,27.5411],[83.8845,27.5277],[83.8848,27.5231],[83.8804,27.5201],[83.878,27.51],[83.8829,27.5075],[83.8892,27.5082],[83.896,27.504],[83.8998,27.4986],[83.8937,27.4991],[83.8889,27.4955],[83.8857,27.4959],[83.8768,27.4891],[83.8798,27.485],[83.8872,27.4809],[83.8887,27.4722],[83.8857,27.4639],[83.8919,27.4615],[83.8892,27.4555],[83.8898,27.4463],[83.8912,27.4433],[83.8976,27.4376],[83.8804,27.4336],[83.8714,27.4295],[83.8694,27.427],[83.8733,27.4128],[83.8776,27.4057],[83.8749,27.3922],[83.9073,27.3895],[83.9078,27.3884],[83.9084,27.3827],[83.9064,27.3775],[83.8994,27.37],[83.8942,27.3675],[83.8934,27.3625],[83.8899,27.3582],[83.8647,27.3465],[83.8321,27.3701],[83.6169,27.4693],[83.3909,27.4795],[83.3944,27.4763],[83.391,27.473],[83.3907,27.4705],[83.3976,27.4695],[83.3976,27.4666],[83.4,27.4654],[83.4034,27.4671],[83.4046,27.4662],[83.4018,27.4634],[83.402,27.4598],[83.404,27.4574],[83.4007,27.4489],[83.3981,27.4465],[83.3936,27.4466],[83.386,27.4422],[83.3884,27.4391],[83.3863,27.436],[83.3938,27.4296],[83.3953,27.4245],[83.4031,27.4207],[83.4018,27.4189],[83.4076,27.4186],[83.4092,27.4151],[83.4114,27.4148],[83.4116,27.4125],[83.4085,27.4117],[83.4076,27.4053],[83.4045,27.4007],[83.3987,27.3959],[83.3947,27.3955],[83.3869,27.3902],[83.3871,27.3858],[83.3901,27.3835],[83.3885,27.3803],[83.3901,27.3757],[83.3849,27.3708],[83.3768,27.3698],[83.3744,27.3647],[83.3758,27.3571],[83.3717,27.358],[83.3701,27.3556],[83.3666,27.3556],[83.36,27.3506],[83.3612,27.3431],[83.358,27.3444],[83.3532,27.3424],[83.3545,27.3398],[83.3461,27.338],[83.3453,27.3349],[83.3396,27.3326],[83.3338,27.3325],[83.329,27.3339],[83.3265,27.3366],[83.3202,27.3372],[83.3207,27.3357],[83.3175,27.3327],[83.3196,27.33],[83.3101,27.3334],[83.3068,27.3312],[83.3025,27.3343],[83.2967,27.3332],[83.2964,27.3347],[83.2936,27.3348],[83.2946,27.3362],[83.2747,27.3527],[83.2676,27.3654],[83.2743,27.3834],[83.2421,27.4064],[83.2282,27.4115],[83.2197,27.4171],[83.2125,27.4241],[83.198,27.4459],[83.1899,27.4542],[83.1665,27.4575],[83.0769,27.4526],[83.0361,27.4487],[83.021,27.4538],[82.9562,27.4678],[82.9467,27.4769],[82.9415,27.4912],[82.9314,27.501],[82.8723,27.4984],[82.851,27.4993],[82.8344,27.5019],[82.8039,27.4963],[82.7873,27.5],[82.7374,27.5025],[82.7371,27.5083],[82.7396,27.5084],[82.7387,27.5179],[82.7407,27.5186],[82.7451,27.5165],[82.744,27.521],[82.7482,27.5209],[82.7491,27.5194],[82.7514,27.5227],[82.7495,27.523],[82.7513,27.5245],[82.7505,27.5266],[82.7484,27.5257],[82.749,27.5278],[82.7471,27.5288],[82.7492,27.5314],[82.7465,27.5296],[82.747,27.5321],[82.744,27.5319],[82.7465,27.5342],[82.7425,27.5368],[82.7451,27.5413],[82.7432,27.5425],[82.7446,27.5431],[82.7427,27.5446],[82.7439,27.5461],[82.741,27.5451],[82.7398,27.5464],[82.743,27.5498],[82.7404,27.5503],[82.7401,27.5519],[82.7491,27.5549],[82.7455,27.5607],[82.7533,27.5651],[82.7497,27.5718],[82.7508,27.5761],[82.753,27.5768],[82.7544,27.5847],[82.7578,27.5876],[82.7522,27.5933],[82.7469,27.5951],[82.7474,27.6001],[82.7442,27.6045],[82.7369,27.6095],[82.7382,27.6112],[82.735,27.6188],[82.7386,27.6215],[82.7327,27.6239],[82.7386,27.626],[82.7356,27.6284],[82.7402,27.6318],[82.737,27.6354],[82.7395,27.6374],[82.7382,27.643],[82.7354,27.6425],[82.735,27.6462],[82.7301,27.6454],[82.7306,27.6477],[82.7333,27.6489],[82.7324,27.6526],[82.7275,27.6582],[82.7259,27.659],[82.7223,27.6571],[82.721,27.6589],[82.7223,27.6615],[82.7162,27.6625],[82.7137,27.6649],[82.7178,27.6679],[82.7152,27.6707],[82.7179,27.6724],[82.7182,27.6754],[82.7162,27.677],[82.7168,27.6813],[82.7202,27.6873],[82.7177,27.6916],[82.7119,27.6952],[82.7078,27.7027],[82.7076,27.7111],[82.71,27.7217],[82.7071,27.7164],[82.7039,27.7162],[82.7012,27.7218],[82.6912,27.7149],[82.6826,27.7136],[82.6685,27.7155],[82.6662,27.7219],[82.6572,27.7131],[82.6405,27.7089],[82.6298,27.7113],[82.6295,27.709],[82.6208,27.7021],[82.607,27.7058],[82.602,27.704],[82.5956,27.6968],[82.5869,27.6984],[82.5565,27.6883],[82.5514,27.6887],[82.5431,27.6856],[82.5407,27.6875],[82.5329,27.6864],[82.5182,27.6903],[82.5022,27.6848],[82.4944,27.684],[82.492,27.6811],[82.4859,27.6806],[82.4838,27.6826],[82.4751,27.6763],[82.4507,27.6785],[82.439,27.6849],[82.4292,27.6881],[82.4148,27.6981],[82.4036,27.7027],[82.3843,27.7202],[82.3691,27.7425],[82.3385,27.7547],[82.3058,27.7725],[82.2547,27.81],[82.2324,27.8206],[82.2102,27.843],[82.179,27.8546],[82.1559,27.8661],[82.1519,27.8578],[82.1252,27.8649],[82.1161,27.8774],[82.1028,27.886],[82.0933,27.8945],[82.092,27.8993],[82.0824,27.909],[82.0728,27.9225],[82.0644,27.9216],[81.9931,27.9291],[81.9701,27.9288],[81.9636,27.923],[81.9612,27.9163],[81.9528,27.9101],[81.9496,27.9034],[81.94,27.8936],[81.9399,27.8878],[81.9319,27.8825],[81.9273,27.8757],[81.928,27.8596],[81.9031,27.8535],[81.8873,27.8569],[81.8754,27.8693],[81.8419,27.8909],[81.8346,27.8979],[81.823,27.9033],[81.8154,27.9044],[81.8068,27.9033],[81.7002,27.9881],[81.6453,27.9937],[81.6411,27.997],[81.6298,28.0015],[81.6262,28.0013],[81.6189,28.0103],[81.5885,28.0247],[81.5491,28.0491],[81.4802,28.0824],[81.4816,28.11],[81.4858,28.1182],[81.4695,28.1271],[81.4517,28.1408],[81.4519,28.1506],[81.4478,28.1559],[81.4489,28.1591],[81.4477,28.1612],[81.4283,28.1706],[81.4167,28.1742],[81.3917,28.1737],[81.3765,28.1769],[81.3758,28.173],[81.3716,28.1705],[81.3687,28.1653],[81.3702,28.1609],[81.3789,28.1586],[81.3802,28.1554],[81.3785,28.1496],[81.3731,28.1423],[81.3439,28.1395],[81.3362,28.1401],[81.3198,28.1335],[81.3172,28.1369],[81.3201,28.1451],[81.3297,28.1482],[81.3219,28.1602],[81.3124,28.1555],[81.3115,28.1606],[81.3049,28.1629],[81.3036,28.166],[81.3062,28.1684],[81.316,28.1676],[81.323,28.1687],[81.3265,28.175],[81.3201,28.1823],[81.3224,28.1972],[81.3014,28.2198],[81.2937,28.2228],[81.2879,28.2284],[81.2345,28.2889],[81.2363,28.3246],[81.2213,28.3448],[81.2152,28.3582],[81.2124,28.3605],[81.2052,28.3619],[81.0911,28.382],[81.0816,28.3849],[81.0691,28.3944],[81.0688,28.3995],[81.0611,28.4074],[81.0613,28.4098],[81.0662,28.4207],[81.0703,28.4257],[81.0786,28.4334],[81.0876,28.4383],[81.0923,28.4568],[81.0963,28.4597],[81.1107,28.4613],[81.1165,28.4725],[81.1225,28.475],[81.1317,28.4821],[81.1397,28.4908],[81.1491,28.4959],[81.1498,28.4969],[81.1472,28.4962],[81.149,28.4981],[81.1549,28.5019],[81.1619,28.5013],[81.1645,28.5133],[81.1694,28.5206],[81.1698,28.5241],[81.2014,28.5544],[81.2342,28.5775],[81.2507,28.5943],[81.2614,28.612],[81.2705,28.6177],[81.2724,28.6295],[81.2837,28.6392],[81.2895,28.6485],[81.2892,28.6634],[81.2871,28.6732],[81.2922,28.6746],[81.2964,28.6732],[81.302,28.6738],[81.3036,28.673],[81.3038,28.6705],[81.3091,28.6729],[81.3229,28.6675],[81.3235,28.6634],[81.3187,28.6561],[81.318,28.6523],[81.3137,28.6527],[81.312,28.651],[81.3126,28.647],[81.3176,28.6413],[81.3181,28.6367],[81.325,28.6354],[81.3318,28.6311],[81.3417,28.6288],[81.3473,28.6246],[81.3663,28.6234],[81.3723,28.6176],[81.3811,28.6122],[81.4027,28.6068],[81.402,28.6035],[81.4033,28.6019],[81.4116,28.5955],[81.4186,28.5955],[81.4232,28.5891],[81.4264,28.5877],[81.4235,28.5812],[81.4262,28.5775],[81.4325,28.5772],[81.4346,28.5719],[81.4351,28.5635],[81.4397,28.5594],[81.444,28.558],[81.4474,28.554],[81.4549,28.5522],[81.4615,28.5541],[81.4672,28.5537],[81.4709,28.5483],[81.4741,28.5485],[81.4779,28.5397],[81.4879,28.539],[81.4929,28.5323],[81.4991,28.5335],[81.5079,28.5282],[81.514,28.5241],[81.5135,28.52],[81.518,28.5135],[81.532,28.5092],[81.5379,28.504],[81.5412,28.5],[81.5405,28.4946],[81.5548,28.4932],[81.5591,28.4949],[81.5696,28.4855],[81.5744,28.4832],[81.5763,28.4784],[81.5848,28.4737],[81.5892,28.4689],[81.5942,28.4689],[81.6018,28.4629],[81.6097,28.4535],[81.6139,28.4542],[81.6227,28.446],[81.6281,28.4444],[81.6334,28.4362],[81.6448,28.4302],[81.6499,28.4229],[81.6576,28.4188],[81.6602,28.4153],[81.6716,28.4132],[81.6761,28.4175],[81.6849,28.4113],[81.69,28.4105],[81.6973,28.3994],[81.7053,28.3924],[81.712,28.39],[81.7184,28.384],[81.7231,28.3822],[81.7262,28.383],[81.734,28.3775],[81.754,28.3742],[81.7595,28.3699],[81.7647,28.371],[81.7685,28.37],[81.7671,28.3652],[81.7619,28.3591],[81.7605,28.3541],[81.7534,28.3436],[81.7535,28.3321],[81.7484,28.3266],[81.7453,28.3189],[81.7469,28.3131],[81.7556,28.3073],[81.763,28.3091],[81.7692,28.3006],[81.7752,28.2974],[81.7787,28.2978],[81.7822,28.295],[81.789,28.2946],[81.794,28.2818],[81.7934,28.277],[81.7954,28.2737],[81.7999,28.2735],[81.8073,28.282],[81.8103,28.2829],[81.8163,28.2787],[81.8454,28.2719],[81.856,28.26],[81.8633,28.255],[81.8665,28.2497],[81.8661,28.245],[81.8627,28.2386],[81.8786,28.239],[81.8847,28.2434],[81.8889,28.2402],[81.8904,28.2367],[81.8983,28.2332],[81.9111,28.2321],[81.9158,28.2283],[81.9234,28.2268],[81.9243,28.2238],[81.9227,28.2202],[81.9288,28.2157],[81.9285,28.2093],[81.9379,28.2075],[81.9405,28.2052],[81.9403,28.2016],[81.9484,28.1991],[81.9538,28.194],[81.9645,28.1943],[81.966,28.1917],[81.9649,28.1872],[81.9671,28.1844],[81.9706,28.1824],[81.9725,28.1822],[81.975,28.1848],[81.9797,28.1827],[81.9817,28.1781],[81.9866,28.177],[81.9889,28.1722],[82.0,28.1635],[82.0094,28.1509],[82.0139,28.1541],[82.0129,28.1605],[82.0168,28.1639],[82.0146,28.1699],[82.02,28.1817],[82.0299,28.1855],[82.0311,28.1876],[82.031,28.1937],[82.0249,28.2011],[82.0281,28.2042],[82.0288,28.2083],[82.0328,28.214],[82.0387,28.2149],[82.0375,28.2174],[82.0412,28.2212],[82.044,28.2301],[82.0481,28.2319],[82.0528,28.2396],[82.0561,28.242],[82.0636,28.2405],[82.0705,28.2369],[82.0715,28.2393],[82.0831,28.2485],[82.0935,28.2492],[82.0958,28.2549],[82.1026,28.2589],[82.1102,28.2582],[82.1135,28.2544],[82.1195,28.2514],[82.1278,28.2542],[82.1347,28.2514],[82.1444,28.2417],[82.1457,28.237],[82.1509,28.2391],[82.1548,28.2379],[82.1553,28.241],[82.1627,28.2416],[82.1686,28.2499],[82.1713,28.2514],[82.1777,28.2489],[82.1843,28.2496],[82.1919,28.2482],[82.2005,28.2428],[82.2197,28.2495],[82.2252,28.2476],[82.235,28.2398],[82.2459,28.2378],[82.2498,28.2394],[82.2579,28.2396],[82.2602,28.2435],[82.2667,28.2435],[82.2773,28.2483],[82.2837,28.2481],[82.2891,28.2456],[82.2936,28.2467],[82.299,28.245],[82.3023,28.2458],[82.3041,28.2325],[82.312,28.2315],[82.3143,28.2233],[82.329,28.2251],[82.3394,28.2234],[82.3479,28.2162],[82.349,28.2085],[82.3568,28.2054],[82.3607,28.199],[82.365,28.1966],[82.369,28.1897],[82.38,28.1844],[82.389,28.1884],[82.3947,28.1891],[82.3987,28.1826],[82.3956,28.1743],[82.3987,28.1688],[82.4033,28.1762],[82.4011,28.18],[82.4054,28.1849],[82.4025,28.1923],[82.4056,28.213],[82.4087,28.2205],[82.4167,28.2245],[82.4208,28.2296],[82.4239,28.2297],[82.426,28.2279],[82.4295,28.2299],[82.4288,28.2389],[82.437,28.2434],[82.4392,28.2465],[82.432,28.2495],[82.4297,28.252],[82.426,28.2511],[82.4216,28.2536],[82.4152,28.2537],[82.4121,28.2581],[82.4055,28.2621],[82.4054,28.2649],[82.3974,28.2769],[82.3971,28.2828],[82.3882,28.2907],[82.3855,28.2915],[82.3835,28.2958],[82.3844,28.2969],[82.3782,28.3045],[82.3794,28.3099],[82.378,28.315],[82.3744,28.3176],[82.3654,28.3194],[82.3687,28.3234],[82.3692,28.3298],[82.3661,28.33],[82.3651,28.3407],[82.3679,28.3438],[82.3812,28.3516],[82.3804,28.3565],[82.378,28.3584],[82.3847,28.3646],[82.3855,28.3727],[82.377,28.3772],[82.3684,28.3868],[82.3655,28.3882],[82.3644,28.3944],[82.3675,28.403],[82.3629,28.408],[82.3551,28.4103],[82.3558,28.4148],[82.3532,28.4178],[82.3531,28.4238],[82.3703,28.4257],[82.3785,28.4302],[82.3788,28.4363],[82.3757,28.4482],[82.3854,28.4559],[82.3975,28.4603],[82.3979,28.4683],[82.4023,28.4697],[82.4075,28.4781],[82.4076,28.4865],[82.4113,28.4885],[82.4136,28.4925],[82.4136,28.4964],[82.4094,28.5036],[82.4138,28.5128],[82.4162,28.5133],[82.4189,28.5176],[82.4184,28.5232],[82.4201,28.5286],[82.4314,28.5245],[82.4355,28.5262],[82.4462,28.5228],[82.4648,28.5212],[82.4687,28.5256],[82.4747,28.5292],[82.4815,28.5303],[82.4865,28.5353],[82.4949,28.5399],[82.496,28.5435],[82.4937,28.5486],[82.4942,28.5526],[82.5017,28.5539],[82.5109,28.5511],[82.5185,28.5545],[82.5232,28.5538],[82.5279,28.5579],[82.531,28.5581],[82.5322,28.564],[82.5369,28.5704],[82.5461,28.5729],[82.5553,28.5815],[82.5588,28.5795],[82.5701,28.5778],[82.577,28.5795],[82.5792,28.584],[82.5825,28.586],[82.5827,28.5882],[82.581,28.5897],[82.5831,28.5918],[82.5829,28.5997],[82.5806,28.6021],[82.5825,28.6118],[82.5813,28.6136],[82.5797,28.6144],[82.5706,28.6096],[82.5631,28.61],[82.5553,28.6154],[82.5477,28.6183],[82.5489,28.6222],[82.5534,28.6251],[82.5499,28.627],[82.5455,28.6261],[82.5457,28.6228],[82.5418,28.6206],[82.5358,28.6234],[82.5203,28.6244],[82.5102,28.6276],[82.5088,28.6305],[82.4877,28.6405],[82.4929,28.6517],[82.4914,28.6555],[82.4918,28.6592],[82.4966,28.6625],[82.5017,28.6623],[82.5033,28.6676],[82.5075,28.6619],[82.5152,28.6593],[82.5211,28.6606],[82.5264,28.6552],[82.5298,28.6547],[82.5354,28.6499],[82.5385,28.6501],[82.5411,28.6468],[82.5566,28.6439],[82.5626,28.6464],[82.5682,28.6527],[82.5769,28.6587],[82.5808,28.6646],[82.5886,28.6638],[82.594,28.6675],[82.5974,28.6674],[82.6014,28.6696],[82.6026,28.6847],[82.6059,28.6871],[82.6178,28.6897],[82.6143,28.6957],[82.6171,28.7102],[82.6072,28.7155],[82.6035,28.734],[82.6033,28.7428],[82.5975,28.7437],[82.5938,28.7404],[82.59,28.7398],[82.5761,28.7405],[82.5705,28.7443],[82.5679,28.7438],[82.569,28.7568],[82.5656,28.7586],[82.5666,28.7648],[82.5638,28.7679],[82.5687,28.7675],[82.569,28.7706],[82.5717,28.7712],[82.5834,28.7806],[82.5889,28.782],[82.5914,28.7856],[82.5916,28.7902],[82.5981,28.7919],[82.6152,28.8073],[82.6216,28.809],[82.621,28.8149],[82.6156,28.8265],[82.6196,28.8285],[82.628,28.8391],[82.6266,28.8467],[82.6318,28.8533],[82.6387,28.8551],[82.6399,28.8599],[82.645,28.8664],[82.6505,28.8691],[82.658,28.8666],[82.6604,28.86],[82.6675,28.8537],[82.6726,28.8523]]]}},{"type":"Feature","properties":{"name":"Karnali","code":"P6","number":6},"geometry":{"type":"Polygon","coordinates":[[[81.6281,30.4459],[81.6359,30.4451],[81.641,30.4406],[81.6484,30.4398],[81.6554,30.4349],[81.6741,30.4276],[81.6967,30.4238],[81.7018,30.4194],[81.7084,30.4171],[81.7162,30.4118],[81.7287,30.4114],[81.7311,30.4092],[81.7312,30.4022],[81.7335,30.3983],[81.7385,30.3964],[81.741,30.3935],[81.7476,30.3928],[81.753,30.3888],[81.764,30.3891],[81.7759,30.3844],[81.7847,30.3855],[81.7926,30.389],[81.7995,30.3867],[81.8108,30.3873],[81.8128,30.3845],[81.8171,30.3836],[81.8214,30.3783],[81.8282,30.3751],[81.8424,30.3766],[81.8517,30.3732],[81.8517,30.3765],[81.8557,30.3794],[81.8695,30.3774],[81.8799,30.3695],[81.8804,30.3654],[81.884,30.3608],[81.8906,30.3608],[81.8939,30.3575],[81.9061,30.3533],[81.9112,30.3538],[81.9163,30.35],[81.9214,30.3512],[81.9253,30.349],[81.9413,30.3476],[81.9469,30.3499],[81.9479,30.3571],[81.9512,30.359],[81.9559,30.3544],[81.9624,30.3531],[81.9641,30.3508],[81.964,30.3462],[81.9585,30.3413],[81.9709,30.338],[81.9767,30.3299],[81.9842,30.3294],[81.9885,30.3257],[81.9891,30.3212],[81.9903,30.3208],[81.9956,30.3223],[82.0,30.3207],[82.0072,30.329],[82.014,30.3292],[82.013,30.3419],[82.0182,30.3442],[82.0234,30.3444],[82.0328,30.3376],[82.0431,30.341],[82.0579,30.3326],[82.0585,30.3401],[82.0611,30.3416],[82.0621,30.3453],[82.0672,30.3473],[82.0663,30.351],[82.0678,30.3554],[82.0754,30.3588],[82.0872,30.3592],[82.0963,30.35],[82.1017,30.3481],[82.1026,30.3495],[82.1068,30.3496],[82.1131,30.3442],[82.1127,30.335],[82.1156,30.3292],[82.1206,30.3268],[82.123,30.3219],[82.1198,30.3196],[82.1219,30.319],[82.1247,30.3101],[82.1302,30.3022],[82.1273,30.3019],[82.1183,30.2942],[82.1198,30.2913],[82.1183,30.2861],[82.1159,30.2845],[82.1143,30.2785],[82.1113,30.2772],[82.1181,30.2723],[82.1191,30.2693],[82.1173,30.2642],[82.12,30.2625],[82.12,30.2589],[82.1093,30.2551],[82.1093,30.2518],[82.1065,30.2485],[82.107,30.2443],[82.1003,30.2392],[82.1022,30.2359],[82.1085,30.2312],[82.1113,30.226],[82.1146,30.2249],[82.1295,30.2255],[82.1352,30.2193],[82.1329,30.2145],[82.1346,30.2108],[82.1341,30.2076],[82.1415,30.2026],[82.14,30.2006],[82.141,30.1989],[82.1541,30.1942],[82.1552,30.1917],[82.1606,30.1893],[82.1806,30.1925],[82.1864,30.1908],[82.1891,30.185],[82.1858,30.1801],[82.1884,30.1761],[82.1884,30.1729],[82.1833,30.1656],[82.1839,30.1609],[82.1954,30.1598],[82.2074,30.1537],[82.2061,30.1501],[82.1995,30.1427],[82.1988,30.1388],[82.2007,30.1363],[82.1888,30.1338],[82.1811,30.1292],[82.1785,30.122],[82.1727,30.122],[82.1735,30.1177],[82.1811,30.1172],[82.1884,30.111],[82.1858,30.1094],[82.1813,30.1024],[82.1811,30.0999],[82.1836,30.0963],[82.179,30.089],[82.1758,30.0867],[82.1709,30.0865],[82.1678,30.0814],[82.1681,30.0761],[82.1738,30.0652],[82.1904,30.0698],[82.2014,30.0668],[82.2077,30.0676],[82.2127,30.0661],[82.222,30.0683],[82.2331,30.0649],[82.2358,30.0698],[82.245,30.0751],[82.2486,30.0752],[82.2536,30.0725],[82.2545,30.0681],[82.2568,30.0691],[82.2606,30.0651],[82.2674,30.0622],[82.2803,30.0628],[82.2832,30.0612],[82.2873,30.0518],[82.2871,30.0473],[82.2914,30.0433],[82.2989,30.0405],[82.3004,30.0379],[82.3029,30.0391],[82.3118,30.0376],[82.3176,30.0404],[82.3205,30.0435],[82.3219,30.0495],[82.3289,30.0471],[82.336,30.0469],[82.3398,30.041],[82.3455,30.0368],[82.3467,30.0289],[82.3512,30.0249],[82.3564,30.0258],[82.3614,30.0217],[82.3639,30.017],[82.3649,30.0104],[82.3746,30.0156],[82.3798,30.0112],[82.3776,30.017],[82.3795,30.0204],[82.3779,30.0264],[82.3841,30.0271],[82.3856,30.0233],[82.3891,30.0205],[82.3928,30.0239],[82.3974,30.024],[82.4,30.0225],[82.4044,30.0146],[82.4084,30.0153],[82.4109,30.0108],[82.4229,30.004],[82.4256,29.9958],[82.4341,29.989],[82.4405,29.9887],[82.4582,29.9769],[82.4593,29.9799],[82.4651,29.9821],[82.4669,29.9788],[82.4781,29.9737],[82.479,29.969],[82.4758,29.9653],[82.483,29.9591],[82.4879,29.9571],[82.4903,29.9533],[82.4967,29.9509],[82.5012,29.946],[82.5161,29.9522],[82.521,29.9565],[82.5317,29.9712],[82.5513,29.9632],[82.5541,29.9595],[82.565,29.9552],[82.5645,29.9498],[82.5667,29.9465],[82.5653,29.9426],[82.5686,29.9325],[82.5816,29.9216],[82.5867,29.9213],[82.592,29.909],[82.5963,29.9055],[82.5982,29.8998],[82.6034,29.8934],[82.6043,29.8891],[82.6216,29.8793],[82.6365,29.8763],[82.6442,29.8705],[82.6448,29.8673],[82.6425,29.8629],[82.6334,29.8568],[82.6337,29.8496],[82.6244,29.8478],[82.6223,29.845],[82.6209,29.842],[82.6229,29.8373],[82.6417,29.8339],[82.6505,29.8383],[82.6577,29.8383],[82.6626,29.8423],[82.6679,29.841],[82.6719,29.844],[82.678,29.8433],[82.6864,29.8472],[82.6884,29.8521],[82.6992,29.8553],[82.7025,29.8531],[82.7059,29.8453],[82.7125,29.8388],[82.7241,29.8388],[82.7286,29.8353],[82.7325,29.8214],[82.7391,29.8135],[82.7311,29.8086],[82.7301,29.8029],[82.7219,29.8002],[82.7122,29.7928],[82.7072,29.7926],[82.7027,29.7948],[82.6961,29.7912],[82.698,29.7816],[82.6884,29.7735],[82.6911,29.7701],[82.692,29.7631],[82.6952,29.7612],[82.6997,29.7617],[82.7092,29.7651],[82.713,29.7689],[82.7176,29.7685],[82.721,29.7661],[82.7258,29.7705],[82.7298,29.7692],[82.7351,29.7707],[82.7405,29.7687],[82.7467,29.7695],[82.7499,29.7663],[82.7542,29.7656],[82.7605,29.7601],[82.761,29.7554],[82.7639,29.7499],[82.7634,29.7475],[82.7687,29.7424],[82.7682,29.7338],[82.7649,29.7312],[82.7809,29.7251],[82.784,29.7256],[82.7996,29.719],[82.8091,29.7216],[82.8199,29.7211],[82.8234,29.7138],[82.817,29.7047],[82.8201,29.6969],[82.8284,29.6899],[82.8352,29.6893],[82.8406,29.6918],[82.8627,29.6846],[82.8703,29.6863],[82.8788,29.692],[82.8882,29.6927],[82.8899,29.6997],[82.8929,29.7014],[82.901,29.7026],[82.9103,29.7004],[82.917,29.7064],[82.9215,29.706],[82.9287,29.7006],[82.9375,29.7055],[82.9379,29.7031],[82.9445,29.6953],[82.9504,29.6916],[82.9429,29.6741],[82.9488,29.6732],[82.9493,29.6689],[82.9577,29.6626],[82.967,29.6625],[82.9722,29.6642],[82.9751,29.6671],[82.987,29.6684],[82.9937,29.6634],[83.0025,29.6646],[83.0106,29.6726],[83.0158,29.6649],[83.0161,29.6604],[83.0231,29.6577],[83.023,29.6507],[83.0256,29.6502],[83.0355,29.6542],[83.0404,29.6479],[83.0454,29.6308],[83.0519,29.63],[83.0566,29.6267],[83.0641,29.6274],[83.0675,29.6261],[83.0674,29.6165],[83.0714,29.6099],[83.0836,29.6067],[83.0877,29.6027],[83.0943,29.6054],[83.0915,29.6084],[83.0922,29.612],[83.1031,29.6143],[83.1074,29.6184],[83.1185,29.6164],[83.1189,29.6248],[83.1224,29.6286],[83.1335,29.6179],[83.1377,29.6225],[83.144,29.6248],[83.147,29.6226],[83.1521,29.6238],[83.1672,29.616],[83.1655,29.6091],[83.1619,29.603],[83.1611,29.5964],[83.166,29.5943],[83.1702,29.5957],[83.1774,29.5923],[83.182,29.593],[83.1904,29.5975],[83.1908,29.6008],[83.1883,29.6059],[83.1897,29.6083],[83.1931,29.6082],[83.1988,29.6111],[83.2009,29.6062],[83.2072,29.6075],[83.2201,29.6055],[83.2188,29.5945],[83.2165,29.5893],[83.2315,29.5814],[83.234,29.5778],[83.2444,29.5782],[83.2491,29.5767],[83.2632,29.5776],[83.2635,29.5736],[83.2715,29.5683],[83.2801,29.5688],[83.286,29.5629],[83.2842,29.5575],[83.2809,29.5579],[83.276,29.5545],[83.2708,29.5566],[83.266,29.555],[83.261,29.5572],[83.2574,29.5568],[83.2609,29.551],[83.2562,29.5446],[83.2579,29.5392],[83.2627,29.5368],[83.2659,29.5329],[83.2671,29.5261],[83.2708,29.5221],[83.271,29.517],[83.2687,29.5134],[83.2704,29.5111],[83.2695,29.5074],[83.2736,29.5078],[83.2773,29.5026],[83.2841,29.4987],[83.2955,29.5044],[83.3044,29.4997],[83.3114,29.5027],[83.3141,29.5069],[83.3178,29.5089],[83.3225,29.5045],[83.3313,29.5036],[83.3341,29.5],[83.3465,29.4948],[83.3493,29.4922],[83.3475,29.4892],[83.35,29.4847],[83.3497,29.4785],[83.3441,29.475],[83.3461,29.4684],[83.3444,29.4658],[83.3536,29.4588],[83.3558,29.4514],[83.364,29.4518],[83.3683,29.45],[83.3652,29.4462],[83.3665,29.4397],[83.3728,29.4343],[83.3735,29.4285],[83.3792,29.4273],[83.3832,29.4232],[83.3989,29.4215],[83.4148,29.4219],[83.4164,29.4208],[83.418,29.4104],[83.4228,29.4053],[83.4283,29.4024],[83.4225,29.3974],[83.4256,29.3871],[83.4247,29.3846],[83.4139,29.3803],[83.4175,29.376],[83.4152,29.3669],[83.4194,29.3636],[83.4172,29.359],[83.4193,29.3562],[83.4256,29.3563],[83.4307,29.3498],[83.44,29.3501],[83.4444,29.3449],[83.447,29.3402],[83.4445,29.3357],[83.4486,29.3291],[83.4452,29.3206],[83.4414,29.3169],[83.442,29.3126],[83.4403,29.3088],[83.4463,29.3065],[83.4457,29.2998],[83.4535,29.2975],[83.4526,29.2938],[83.4578,29.2909],[83.457,29.2865],[83.462,29.2861],[83.4642,29.2825],[83.4647,29.2766],[83.4715,29.2735],[83.4808,29.281],[83.4897,29.28],[83.4894,29.2761],[83.4955,29.2738],[83.4936,29.2648],[83.5048,29.2595],[83.5063,29.2555],[83.5105,29.257],[83.5169,29.2558],[83.5164,29.2526],[83.5181,29.2481],[83.5216,29.245],[83.5198,29.2405],[83.5249,29.2382],[83.5172,29.228],[83.5202,29.2266],[83.5199,29.2204],[83.5223,29.2171],[83.5325,29.2133],[83.5323,29.2092],[83.5381,29.2038],[83.5534,29.2],[83.5576,29.204],[83.5653,29.206],[83.5741,29.2025],[83.5743,29.1992],[83.5715,29.1967],[83.5714,29.1934],[83.572,29.1904],[83.5781,29.1874],[83.5781,29.1801],[83.5922,29.1741],[83.5982,29.1749],[83.6065,29.1781],[83.6096,29.181],[83.6123,29.1807],[83.6165,29.1748],[83.6168,29.1713],[83.6249,29.1683],[83.6288,29.1655],[83.6317,29.1605],[83.6355,29.1584],[83.6437,29.1612],[83.6465,29.1637],[83.646,29.167],[83.6482,29.1688],[83.6517,29.1684],[83.6595,29.1761],[83.6682,29.1697],[83.6641,29.1649],[83.6654,29.1557],[83.6748,29.1524],[83.6785,29.1472],[83.677,29.137],[83.6814,29.1316],[83.6809,29.125],[83.6825,29.1234],[83.6623,29.1244],[83.6535,29.119],[83.6527,29.1134],[83.6546,29.1092],[83.652,29.1044],[83.6483,29.1041],[83.6384,29.1073],[83.6309,29.1068],[83.6227,29.0978],[83.6177,29.0983],[83.6182,29.0925],[83.6255,29.0882],[83.6328,29.081],[83.6316,29.0715],[83.6336,29.0649],[83.6331,29.0624],[83.6287,29.0624],[83.6217,29.0597],[83.6202,29.0551],[83.6211,29.0457],[83.6146,29.0359],[83.6174,29.0275],[83.6162,29.0223],[83.6186,29.0188],[83.614,29.0147],[83.619,29.0061],[83.6165,28.9986],[83.6171,28.9876],[83.6113,28.9802],[83.6066,28.9801],[83.6012,28.9856],[83.5941,28.9836],[83.589,28.9769],[83.5895,28.9725],[83.5875,28.9676],[83.5837,28.9649],[83.5847,28.9612],[83.5821,28.9561],[83.5769,28.9538],[83.5733,28.9472],[83.569,28.9433],[83.5607,28.9448],[83.5591,28.9416],[83.56,28.9384],[83.5586,28.9337],[83.5483,28.9218],[83.5375,28.9113],[83.5307,28.9086],[83.5296,28.9038],[83.525,28.8979],[83.5167,28.8895],[83.5081,28.8846],[83.5015,28.8771],[83.5081,28.8651],[83.5083,28.8569],[83.5041,28.8516],[83.5039,28.8461],[83.5,28.8425],[83.494,28.8464],[83.4837,28.8446],[83.4824,28.8377],[83.4856,28.8321],[83.4817,28.8241],[83.4821,28.8171],[83.4872,28.8121],[83.4901,28.802],[83.489,28.7905],[83.4855,28.7828],[83.4632,28.78],[83.4583,28.7737],[83.4481,28.7688],[83.4385,28.7687],[83.4125,28.7605],[83.4023,28.7607],[83.3905,28.763],[83.3854,28.7564],[83.3797,28.7539],[83.3764,28.7444],[83.364,28.734],[83.3583,28.7336],[83.3519,28.7359],[83.3276,28.7378],[83.3151,28.7355],[83.3106,28.7326],[83.2999,28.7316],[83.284,28.7256],[83.2789,28.7218],[83.2726,28.7251],[83.2611,28.7261],[83.25,28.7303],[83.2414,28.7348],[83.239,28.7396],[83.2313,28.7428],[83.225,28.7405],[83.2181,28.7338],[83.2119,28.7318],[83.2021,28.7351],[83.1886,28.7434],[83.1686,28.7451],[83.1576,28.7475],[83.1435,28.7463],[83.1343,28.7479],[83.1156,28.7435],[83.1142,28.7471],[83.1046,28.7534],[83.1043,28.7602],[83.1002,28.7665],[83.0971,28.7676],[83.0837,28.7794],[83.0812,28.7861],[83.0704,28.7799],[83.0671,28.7838],[83.0477,28.7864],[83.0381,28.7927],[83.032,28.7931],[83.0243,28.7906],[83.0143,28.7989],[83.0071,28.7995],[82.9993,28.8038],[82.9829,28.8006],[82.9778,28.8033],[82.9757,28.8092],[82.9678,28.8165],[82.9678,28.8203],[82.9586,28.8209],[82.9526,28.8237],[82.9516,28.8276],[82.9492,28.8289],[82.944,28.827],[82.9322,28.827],[82.9195,28.8313],[82.9068,28.8322],[82.9058,28.8295],[82.9028,28.8292],[82.8981,28.8246],[82.8948,28.8266],[82.8879,28.826],[82.8815,28.8303],[82.8751,28.8311],[82.8695,28.8341],[82.8661,28.8318],[82.8565,28.8321],[82.8499,28.8273],[82.8457,28.8264],[82.8376,28.8316],[82.8354,28.8302],[82.8222,28.8298],[82.8191,28.8312],[82.8013,28.8206],[82.7988,28.8215],[82.7953,28.8198],[82.7837,28.8242],[82.7678,28.8085],[82.7655,28.8136],[82.7621,28.816],[82.7614,28.8197],[82.7587,28.821],[82.7567,28.8255],[82.7499,28.8326],[82.7437,28.8457],[82.7403,28.846],[82.738,28.8479],[82.7283,28.8462],[82.7257,28.8497],[82.714,28.8514],[82.7066,28.8545],[82.6976,28.8646],[82.6874,28.8613],[82.6804,28.8547],[82.6714,28.8523],[82.6675,28.8537],[82.6604,28.86],[82.658,28.8666],[82.6505,28.8691],[82.6461,28.8671],[82.6399,28.8599],[82.6387,28.8551],[82.6318,28.8533],[82.6266,28.8467],[82.628,28.8391],[82.6196,28.8285],[82.6156,28.8265],[82.621,28.8149],[82.6216,28.809],[82.6152,28.8073],[82.5981,28.7919],[82.5916,28.7902],[82.5914,28.7856],[82.5889,28.782],[82.5834,28.7806],[82.5717,28.7712],[82.569,28.7706],[82.5687,28.7675],[82.5638,28.7677],[82.5666,28.7648],[82.5656,28.7586],[82.569,28.7568],[82.5679,28.7438],[82.5705,28.7443],[82.5761,28.7405],[82.59,28.7398],[82.5938,28.7404],[82.5975,28.7437],[82.6033,28.7428],[82.6035,28.734],[82.6072,28.7155],[82.6146,28.7127],[82.6172,28.7099],[82.6143,28.6957],[82.6178,28.6897],[82.6059,28.6871],[82.6026,28.6847],[82.6017,28.6823],[82.6029,28.6767],[82.6008,28.669],[82.594,28.6675],[82.5886,28.6638],[82.5808,28.6646],[82.5769,28.6587],[82.5682,28.6527],[82.5626,28.6464],[82.5566,28.6439],[82.5411,28.6468],[82.5385,28.6501],[82.5354,28.6499],[82.5298,28.6547],[82.5264,28.6552],[82.5211,28.6606],[82.5152,28.6593],[82.5075,28.6619],[82.5033,28.6676],[82.5017,28.6623],[82.4966,28.6625],[82.4918,28.6592],[82.4914,28.6555],[82.4929,28.6517],[82.4877,28.6405],[82.5088,28.6305],[82.5102,28.6276],[82.5203,28.6244],[82.5358,28.6234],[82.5418,28.6206],[82.5457,28.6228],[82.5455,28.6261],[82.5499,28.627],[82.5534,28.6251],[82.5489,28.6222],[82.5477,28.6183],[82.5553,28.6154],[82.5631,28.61],[82.5706,28.6096],[82.5797,28.6144],[82.5813,28.6136],[82.5825,28.6118],[82.5806,28.6021],[82.5829,28.5997],[82.5831,28.5918],[82.581,28.5897],[82.5827,28.5882],[82.5825,28.586],[82.5792,28.584],[82.577,28.5795],[82.5701,28.5778],[82.5588,28.5795],[82.5553,28.5815],[82.5461,28.5729],[82.5369,28.5704],[82.5322,28.564],[82.531,28.5581],[82.5279,28.5579],[82.5232,28.5538],[82.5185,28.5545],[82.5109,28.5511],[82.5017,28.5539],[82.4942,28.5526],[82.4937,28.5486],[82.496,28.5435],[82.4949,28.5399],[82.4865,28.5353],[82.4815,28.5303],[82.4747,28.5292],[82.4687,28.5256],[82.4648,28.5212],[82.4462,28.5228],[82.4355,28.5262],[82.4314,28.5245],[82.4201,28.5286],[82.4184,28.5232],[82.4189,28.5176],[82.4162,28.5133],[82.4138,28.5128],[82.4094,28.5036],[82.4136,28.4964],[82.4136,28.4925],[82.4113,28.4885],[82.4076,28.4865],[82.4075,28.4781],[82.4023,28.4697],[82.3979,28.4683],[82.3975,28.4603],[82.3854,28.4559],[82.3757,28.4482],[82.3788,28.4363],[82.3785,28.4302],[82.3711,28.426],[82.3531,28.4238],[82.3523,28.4218],[82.3558,28.4148],[82.3551,28.4103],[82.3629,28.408],[82.3675,28.403],[82.3644,28.3944],[82.3655,28.3882],[82.3684,28.3868],[82.377,28.3772],[82.3855,28.3727],[82.3847,28.3646],[82.378,28.3584],[82.3804,28.3565],[82.3812,28.3516],[82.3679,28.3438],[82.3651,28.3407],[82.3661,28.33],[82.3692,28.3298],[82.3687,28.3234],[82.3654,28.3194],[82.3744,28.3176],[82.378,28.315],[82.3794,28.3099],[82.3782,28.3045],[82.3844,28.2969],[82.3835,28.2958],[82.3855,28.2915],[82.3882,28.2907],[82.3971,28.2828],[82.3974,28.2769],[82.4054,28.2649],[82.4055,28.2621],[82.4121,28.2581],[82.4152,28.2537],[82.4216,28.2536],[82.426,28.2511],[82.4297,28.252],[82.432,28.2495],[82.4392,28.2465],[82.437,28.2434],[82.4288,28.2389],[82.4295,28.2299],[82.426,28.2279],[82.4239,28.2297],[82.4208,28.2296],[82.4167,28.2245],[82.4087,28.2205],[82.4056,28.213],[82.4025,28.1923],[82.4054,28.1849],[82.4011,28.18],[82.4033,28.1762],[82.3987,28.1688],[82.3956,28.1743],[82.3987,28.1826],[82.3947,28.1891],[82.389,28.1884],[82.38,28.1844],[82.369,28.1897],[82.365,28.1966],[82.3607,28.199],[82.3568,28.2054],[82.349,28.2085],[82.3479,28.2162],[82.3394,28.2234],[82.329,28.2251],[82.3143,28.2233],[82.312,28.2315],[82.3041,28.2325],[82.3023,28.2458],[82.299,28.245],[82.2936,28.2467],[82.2891,28.2456],[82.2837,28.2481],[82.2773,28.2483],[82.2667,28.2435],[82.2602,28.2435],[82.2579,28.2396],[82.2498,28.2394],[82.2459,28.2378],[82.235,28.2398],[82.2252,28.2476],[82.2197,28.2495],[82.2005,28.2428],[82.1919,28.2482],[82.1843,28.2496],[82.1777,28.2489],[82.1713,28.2514],[82.1686,28.2499],[82.1627,28.2416],[82.1553,28.241],[82.1548,28.2379],[82.1509,28.2391],[82.1457,28.237],[82.1444,28.2417],[82.1347,28.2514],[82.1278,28.2542],[82.1195,28.2514],[82.1135,28.2544],[82.1102,28.2582],[82.1026,28.2589],[82.0958,28.2549],[82.0935,28.2492],[82.0831,28.2485],[82.0715,28.2393],[82.0705,28.2369],[82.0636,28.2405],[82.0561,28.242],[82.0528,28.2396],[82.0481,28.2319],[82.044,28.2301],[82.0412,28.2212],[82.0375,28.2174],[82.0387,28.2149],[82.0328,28.214],[82.0288,28.2083],[82.0281,28.2042],[82.0249,28.2011],[82.031,28.1937],[82.0311,28.1876],[82.0299,28.1855],[82.02,28.1817],[82.0146,28.1699],[82.0168,28.1639],[82.0129,28.1605],[82.0139,28.1541],[82.0094,28.1509],[82.0,28.1635],[81.9889,28.1722],[81.9866,28.177],[81.9817,28.1781],[81.9797,28.1827],[81.975,28.1848],[81.9725,28.1822],[81.9706,28.1824],[81.9671,28.1844],[81.9649,28.1872],[81.966,28.1917],[81.9645,28.1943],[81.9538,28.194],[81.9484,28.1991],[81.9403,28.2016],[81.9405,28.2052],[81.9379,28.2075],[81.9285,28.2093],[81.9288,28.2157],[81.9227,28.2202],[81.9243,28.2238],[81.9234,28.2268],[81.9158,28.2283],[81.9111,28.2321],[81.8983,28.2332],[81.8904,28.2367],[81.8889,28.2402],[81.8847,28.2434],[81.8786,28.239],[81.8627,28.2386],[81.8661,28.245],[81.8665,28.2497],[81.8633,28.255],[81.856,28.26],[81.8454,28.2719],[81.8163,28.2787],[81.8103,28.2829],[81.8073,28.282],[81.7999,28.2735],[81.7954,28.2737],[81.7934,28.277],[81.794,28.2818],[81.789,28.2946],[81.7822,28.295],[81.7787,28.2978],[81.7752,28.2974],[81.7692,28.3006],[81.763,28.3091],[81.7556,28.3073],[81.7469,28.3131],[81.7453,28.3189],[81.7484,28.3266],[81.7535,28.3321],[81.7534,28.3436],[81.7605,28.3541],[81.7619,28.3591],[81.7671,28.3652],[81.7685,28.37],[81.7647,28.371],[81.7595,28.3699],[81.754,28.3742],[81.734,28.3775],[81.7262,28.383],[81.7231,28.3822],[81.7184,28.384],[81.712,28.39],[81.7053,28.3924],[81.6973,28.3994],[81.69,28.4105],[81.6849,28.4113],[81.6761,28.4175],[81.6716,28.4132],[81.6602,28.4153],[81.6576,28.4188],[81.6499,28.4229],[81.6448,28.4302],[81.6334,28.4362],[81.6281,28.4444],[81.6227,28.446],[81.6139,28.4542],[81.6097,28.4535],[81.6018,28.4629],[81.5942,28.4689],[81.5892,28.4689],[81.5848,28.4737],[81.5763,28.4784],[81.5744,28.4832],[81.5696,28.4855],[81.5591,28.4949],[81.5548,28.4932],[81.5405,28.4946],[81.5412,28.5],[81.5379,28.504],[81.532,28.5092],[81.518,28.5135],[81.5135,28.52],[81.514,28.5241],[81.5079,28.5282],[81.4991,28.5335],[81.4929,28.5323],[81.4879,28.539],[81.4779,28.5397],[81.4741,28.5485],[81.4709,28.5483],[81.4672,28.5537],[81.4615,28.5541],[81.4549,28.5522],[81.4474,28.554],[81.444,28.558],[81.4397,28.5594],[81.4351,28.5635],[81.4346,28.5719],[81.4325,28.5772],[81.4262,28.5775],[81.4235,28.5812],[81.4264,28.5877],[81.4232,28.5891],[81.4186,28.5955],[81.4116,28.5955],[81.4033,28.6019],[81.402,28.6035],[81.4027,28.6068],[81.3811,28.6122],[81.3723,28.6176],[81.3663,28.6234],[81.3473,28.6246],[81.3417,28.6288],[81.3318,28.6311],[81.3261,28.635],[81.3178,28.6369],[81.3176,28.6413],[81.3126,28.647],[81.312,28.651],[81.3137,28.6527],[81.318,28.6523],[81.3187,28.6561],[81.3235,28.6634],[81.3229,28.6675],[81.3091,28.6729],[81.3038,28.6705],[81.3036,28.673],[81.302,28.6738],[81.2964,28.6732],[81.2922,28.6746],[81.2871,28.6732],[81.2829,28.695],[81.2801,28.6981],[81.2684,28.7039],[81.275,28.7176],[81.2742,28.727],[81.271,28.7288],[81.2578,28.7299],[81.2581,28.7348],[81.2628,28.7458],[81.2613,28.7501],[81.2525,28.7549],[81.249,28.7608],[81.2525,28.77],[81.2495,28.7796],[81.2469,28.7821],[81.2344,28.786],[81.2276,28.7951],[81.2297,28.7989],[81.2408,28.803],[81.2438,28.8108],[81.2316,28.8167],[81.2314,28.8259],[81.2355,28.8296],[81.2337,28.8318],[81.2277,28.8354],[81.226,28.8388],[81.2135,28.844],[81.2079,28.8503],[81.2072,28.8543],[81.2102,28.8575],[81.2083,28.862],[81.2041,28.8636],[81.2007,28.8611],[81.2011,28.8465],[81.1969,28.833],[81.2084,28.8252],[81.2088,28.8203],[81.2051,28.8167],[81.1973,28.8212],[81.1835,28.825],[81.1798,28.828],[81.1758,28.8349],[81.1671,28.8348],[81.1585,28.8286],[81.1547,28.8303],[81.1594,28.8443],[81.1509,28.8526],[81.1468,28.8624],[81.1467,28.8709],[81.1451,28.873],[81.1387,28.8722],[81.1308,28.8651],[81.1286,28.8612],[81.1291,28.8551],[81.1277,28.8516],[81.1097,28.8485],[81.1041,28.8447],[81.0944,28.856],[81.0909,28.8628],[81.0746,28.8648],[81.0735,28.8681],[81.0756,28.8751],[81.074,28.8767],[81.069,28.8773],[81.0605,28.8734],[81.0532,28.8768],[81.0471,28.8862],[81.0409,28.8901],[81.0321,28.908],[81.0275,28.9117],[81.0229,28.9198],[81.0089,28.9276],[80.9989,28.9291],[80.9827,28.9387],[80.9846,28.9421],[80.991,28.9454],[81.0035,28.9566],[81.01,28.9573],[81.0196,28.9523],[81.0225,28.9528],[81.0282,28.9587],[81.0302,28.9632],[81.0435,28.97],[81.0498,28.9779],[81.0516,28.9782],[81.0587,28.9732],[81.0667,28.9702],[81.0912,28.9677],[81.1007,28.9638],[81.1094,28.966],[81.121,28.9634],[81.1284,28.9574],[81.1343,28.9487],[81.1439,28.9453],[81.1485,28.9382],[81.1571,28.9336],[81.1705,28.9214],[81.1861,28.9148],[81.1962,28.9161],[81.2059,28.908],[81.2384,28.9059],[81.243,28.9139],[81.2474,28.9151],[81.2534,28.9136],[81.263,28.9029],[81.2679,28.9026],[81.2741,28.9074],[81.2775,28.9162],[81.2834,28.9187],[81.2852,28.9215],[81.3038,28.9257],[81.3116,28.92],[81.318,28.9201],[81.3259,28.908],[81.3339,28.9088],[81.3383,28.9069],[81.3389,28.8999],[81.3407,28.8956],[81.3441,28.8926],[81.3494,28.8901],[81.357,28.8897],[81.3766,28.8929],[81.3892,28.8999],[81.3961,28.9084],[81.4053,28.909],[81.4159,28.9141],[81.4204,28.9108],[81.4263,28.9093],[81.4335,28.9106],[81.4375,28.9043],[81.4424,28.9003],[81.4667,28.8936],[81.4687,28.8873],[81.4642,28.8805],[81.464,28.8751],[81.4677,28.8694],[81.4692,28.8618],[81.4647,28.8551],[81.465,28.8527],[81.476,28.849],[81.4835,28.8427],[81.4923,28.8409],[81.4926,28.837],[81.4957,28.8331],[81.5,28.8212],[81.5119,28.8092],[81.5197,28.8069],[81.5241,28.8032],[81.5249,28.7991],[81.5202,28.7957],[81.5177,28.788],[81.5172,28.7803],[81.5199,28.7768],[81.5296,28.7745],[81.5368,28.7612],[81.5313,28.7556],[81.5225,28.7514],[81.5222,28.749],[81.5428,28.7483],[81.5554,28.7499],[81.5699,28.7546],[81.58,28.7554],[81.5831,28.7591],[81.5834,28.7746],[81.5816,28.78],[81.5587,28.7975],[81.554,28.8095],[81.5536,28.8158],[81.5507,28.8188],[81.5451,28.831],[81.5396,28.8363],[81.5396,28.8426],[81.5337,28.856],[81.5296,28.8595],[81.5239,28.8699],[81.5169,28.8744],[81.5119,28.8838],[81.5107,28.8897],[81.5022,28.8894],[81.4934,28.8941],[81.485,28.9027],[81.4825,28.909],[81.4755,28.9166],[81.4683,28.9288],[81.4577,28.931],[81.4568,28.9348],[81.4531,28.9389],[81.4464,28.9404],[81.4457,28.9585],[81.444,28.9601],[81.4389,28.9566],[81.4345,28.957],[81.43,28.9645],[81.4258,28.9663],[81.4242,28.9704],[81.4274,28.9776],[81.4269,28.9802],[81.4233,28.9834],[81.422,28.988],[81.4179,28.9914],[81.4169,28.9943],[81.4119,28.9969],[81.4191,29.0006],[81.4208,29.0042],[81.4167,29.0138],[81.4196,29.0213],[81.4273,29.0229],[81.4318,29.0294],[81.4345,29.0375],[81.4414,29.0402],[81.4447,29.0469],[81.4459,29.0537],[81.4611,29.0646],[81.4686,29.067],[81.4711,29.0781],[81.5024,29.0911],[81.5117,29.0907],[81.5165,29.0954],[81.5199,29.0965],[81.5253,29.1042],[81.5385,29.1067],[81.5531,29.1196],[81.5673,29.1261],[81.5542,29.1285],[81.5371,29.1368],[81.5348,29.1409],[81.5351,29.1465],[81.5264,29.1527],[81.5201,29.1536],[81.5153,29.153],[81.5138,29.1512],[81.5009,29.1517],[81.4971,29.1599],[81.497,29.1688],[81.4924,29.1698],[81.4891,29.1729],[81.4886,29.1759],[81.4917,29.1805],[81.4925,29.185],[81.4865,29.1927],[81.4839,29.2005],[81.4875,29.2108],[81.4883,29.2254],[81.4966,29.2363],[81.5014,29.2388],[81.497,29.2448],[81.495,29.2522],[81.4965,29.2571],[81.493,29.2616],[81.4794,29.264],[81.4698,29.2718],[81.4856,29.2796],[81.4925,29.2906],[81.5018,29.2973],[81.5097,29.3146],[81.517,29.312],[81.5199,29.3149],[81.5257,29.3151],[81.5307,29.3261],[81.5377,29.3311],[81.5422,29.3322],[81.5491,29.3382],[81.5524,29.3457],[81.5522,29.3495],[81.5602,29.3579],[81.5628,29.3514],[81.5688,29.3478],[81.5728,29.3504],[81.5751,29.3551],[81.575,29.3607],[81.5781,29.3628],[81.5814,29.3625],[81.5851,29.3651],[81.6102,29.3672],[81.6155,29.3707],[81.6274,29.3688],[81.6293,29.3661],[81.6365,29.3644],[81.6401,29.3615],[81.6409,29.3557],[81.6455,29.3555],[81.6458,29.3434],[81.6437,29.3344],[81.6443,29.3318],[81.6483,29.328],[81.6482,29.3235],[81.6502,29.3211],[81.6646,29.3196],[81.6718,29.3169],[81.6801,29.3214],[81.6847,29.3195],[81.6927,29.3205],[81.6957,29.3254],[81.705,29.3306],[81.7178,29.3313],[81.7317,29.3352],[81.7415,29.3339],[81.7473,29.3389],[81.7492,29.3466],[81.7541,29.3518],[81.752,29.3541],[81.753,29.3591],[81.751,29.3622],[81.7515,29.3665],[81.7583,29.3756],[81.7622,29.3857],[81.7637,29.3868],[81.7683,29.3857],[81.7687,29.3904],[81.7706,29.3922],[81.7912,29.389],[81.7923,29.396],[81.7963,29.3994],[81.7996,29.4066],[81.7983,29.4084],[81.7995,29.4124],[81.7986,29.4146],[81.8006,29.4209],[81.8008,29.4291],[81.804,29.4317],[81.8072,29.4393],[81.805,29.4473],[81.81,29.4563],[81.8089,29.4661],[81.8057,29.4751],[81.7912,29.4949],[81.7899,29.5],[81.7857,29.5023],[81.781,29.5012],[81.7643,29.5053],[81.771,29.5093],[81.7767,29.508],[81.7824,29.5091],[81.7791,29.5173],[81.7829,29.5204],[81.7842,29.5247],[81.7875,29.5284],[81.7947,29.5306],[81.7922,29.5405],[81.7954,29.5478],[81.7994,29.5521],[81.8008,29.5592],[81.8004,29.5766],[81.7917,29.5897],[81.7928,29.5938],[81.7915,29.5966],[81.7797,29.5997],[81.7756,29.6058],[81.7523,29.6049],[81.7387,29.6066],[81.7298,29.615],[81.7225,29.6164],[81.7217,29.6211],[81.7176,29.6208],[81.7149,29.6252],[81.7115,29.6271],[81.7113,29.6323],[81.7047,29.6372],[81.7044,29.6419],[81.7012,29.6421],[81.7054,29.6454],[81.7021,29.6475],[81.704,29.6555],[81.7013,29.6619],[81.6989,29.6783],[81.7105,29.7003],[81.7158,29.7223],[81.7217,29.7292],[81.7249,29.7296],[81.7288,29.7341],[81.728,29.7372],[81.7301,29.7416],[81.7283,29.744],[81.7286,29.7479],[81.7346,29.7592],[81.732,29.7692],[81.738,29.7769],[81.739,29.7846],[81.742,29.7893],[81.7414,29.7922],[81.7548,29.7987],[81.7572,29.7968],[81.76,29.7974],[81.7663,29.8018],[81.7755,29.7981],[81.7822,29.8071],[81.781,29.8144],[81.7846,29.8222],[81.7834,29.8249],[81.7852,29.8305],[81.7848,29.8372],[81.7826,29.8393],[81.791,29.8433],[81.796,29.8488],[81.7934,29.8538],[81.7971,29.8604],[81.799,29.8788],[81.7982,29.8904],[81.7955,29.8955],[81.8006,29.8967],[81.8014,29.9006],[81.7905,29.9096],[81.7874,29.9104],[81.7845,29.9086],[81.7818,29.9111],[81.7712,29.9095],[81.7636,29.9124],[81.7568,29.9085],[81.744,29.9073],[81.7352,29.9079],[81.7331,29.9108],[81.7284,29.9123],[81.7178,29.9094],[81.7126,29.9143],[81.7115,29.9269],[81.6993,29.9315],[81.7008,29.938],[81.6997,29.9415],[81.6896,29.9491],[81.6725,29.9407],[81.6669,29.9403],[81.6592,29.9434],[81.6549,29.9429],[81.6474,29.9482],[81.639,29.9449],[81.6362,29.9408],[81.6284,29.9384],[81.6232,29.9395],[81.6204,29.9385],[81.6147,29.9432],[81.6078,29.9372],[81.607,29.9325],[81.6044,29.9302],[81.5928,29.9307],[81.5867,29.9369],[81.5794,29.9339],[81.572,29.9335],[81.5661,29.9309],[81.5614,29.9262],[81.5572,29.9271],[81.5512,29.9232],[81.544,29.9271],[81.5367,29.9276],[81.5301,29.9241],[81.5187,29.9228],[81.5138,29.9162],[81.5187,29.9043],[81.5058,29.8929],[81.4974,29.89],[81.4945,29.8872],[81.4816,29.8921],[81.4725,29.8898],[81.4663,29.8934],[81.4582,29.9012],[81.4588,29.9057],[81.4634,29.9133],[81.4619,29.9181],[81.4645,29.921],[81.4621,29.924],[81.4608,29.9318],[81.4566,29.9348],[81.4604,29.9426],[81.4546,29.949],[81.4552,29.9518],[81.4627,29.9577],[81.4659,29.9579],[81.4705,29.9637],[81.4701,29.9711],[81.4718,29.9751],[81.4625,29.9858],[81.4649,29.9956],[81.4563,30.0024],[81.4463,30.003],[81.442,30.007],[81.4378,30.008],[81.432,30.0076],[81.421,30.0128],[81.4144,30.0186],[81.4066,30.0197],[81.4031,30.0228],[81.4013,30.0181],[81.392,30.0169],[81.3857,30.0136],[81.3837,30.0072],[81.3784,30.0065],[81.3766,30.01],[81.3699,30.011],[81.3646,30.0096],[81.3588,30.0106],[81.3482,30.0188],[81.3335,30.0241],[81.3204,30.0256],[81.3164,30.0327],[81.3115,30.0329],[81.3086,30.0311],[81.2928,30.035],[81.2864,30.0376],[81.2831,30.0435],[81.2737,30.0453],[81.2732,30.0515],[81.276,30.0546],[81.2764,30.0591],[81.2803,30.0607],[81.2815,30.0661],[81.2892,30.0698],[81.2894,30.073],[81.2913,30.0744],[81.2877,30.0785],[81.2907,30.0833],[81.2889,30.0883],[81.291,30.0948],[81.287,30.1052],[81.29,30.1068],[81.2923,30.1126],[81.287,30.1158],[81.2843,30.123],[81.2805,30.1247],[81.2741,30.1334],[81.2644,30.1376],[81.258,30.1466],[81.2598,30.1513],[81.2748,30.1554],[81.2886,30.155],[81.2928,30.1578],[81.3062,30.1596],[81.3053,30.1632],[81.3066,30.1643],[81.3109,30.1614],[81.3113,30.1568],[81.3185,30.152],[81.3339,30.1533],[81.3359,30.1604],[81.3524,30.1781],[81.359,30.1805],[81.3608,30.1829],[81.372,30.1866],[81.3727,30.1912],[81.3763,30.1967],[81.3968,30.2067],[81.3982,30.209],[81.397,30.2144],[81.3988,30.2186],[81.3921,30.2337],[81.3982,30.2425],[81.3974,30.2466],[81.3938,30.2506],[81.3965,30.2511],[81.4102,30.2611],[81.4122,30.268],[81.4168,30.2749],[81.4184,30.2817],[81.417,30.2842],[81.4014,30.2816],[81.4053,30.2852],[81.4037,30.2931],[81.4121,30.2951],[81.4187,30.3026],[81.4251,30.3051],[81.4165,30.3165],[81.4072,30.3162],[81.3982,30.3235],[81.4007,30.3289],[81.4076,30.3367],[81.4074,30.3399],[81.4043,30.3441],[81.4078,30.3532],[81.4012,30.3577],[81.4016,30.3647],[81.3971,30.368],[81.4009,30.3712],[81.4041,30.3704],[81.4134,30.3721],[81.4219,30.3706],[81.4244,30.3763],[81.4311,30.3834],[81.4225,30.3854],[81.422,30.389],[81.4184,30.389],[81.4137,30.3937],[81.4025,30.3963],[81.4068,30.4055],[81.4046,30.41],[81.4084,30.414],[81.4078,30.4186],[81.4098,30.4211],[81.4229,30.4204],[81.4295,30.422],[81.4357,30.4129],[81.4381,30.4135],[81.4404,30.4187],[81.4468,30.416],[81.4546,30.4111],[81.4578,30.4066],[81.4695,30.4033],[81.4732,30.3993],[81.478,30.3887],[81.4913,30.3813],[81.4975,30.3826],[81.5087,30.3807],[81.5369,30.3714],[81.5483,30.3722],[81.5536,30.3699],[81.5574,30.3741],[81.5516,30.381],[81.5526,30.4027],[81.5552,30.4067],[81.5613,30.4075],[81.5597,30.4195],[81.5626,30.4281],[81.5666,30.4299],[81.5761,30.4267],[81.5848,30.4229],[81.5911,30.4168],[81.6086,30.4122],[81.6136,30.4144],[81.6186,30.4209],[81.6238,30.4244],[81.6194,30.441],[81.6197,30.446],[81.622,30.4473],[81.6281,30.4459]]]}},{"type":"Feature","properties":{"name":"Sudurpashchim","code":"P7","number":7},"geometry":{"type":"Polygon","coordinates":[[[80.6061,30.467],[80.6087,30.4672],[80.6112,30.4593],[80.6153,30.4549],[80.6268,30.4583],[80.6304,30.453],[80.6342,30.4525],[80.6397,30.4464],[80.6443,30.4464],[80.6492,30.4426],[80.6607,30.4386],[80.6701,30.4295],[80.6791,30.4256],[80.6802,30.4235],[80.6792,30.4195],[80.6815,30.4176],[80.6884,30.4164],[80.6921,30.4102],[80.7019,30.4091],[80.7059,30.4128],[80.7105,30.4132],[80.7196,30.4087],[80.7295,30.3984],[80.7362,30.3967],[80.7461,30.3852],[80.7515,30.3819],[80.7528,30.3756],[80.7611,30.3717],[80.764,30.3687],[80.7671,30.369],[80.7709,30.3636],[80.7749,30.3621],[80.7788,30.358],[80.7814,30.3519],[80.7886,30.35],[80.7876,30.3416],[80.7936,30.3353],[80.8037,30.3299],[80.804,30.3223],[80.8055,30.3201],[80.8212,30.3188],[80.8283,30.3111],[80.8357,30.3096],[80.842,30.3105],[80.8492,30.3142],[80.866,30.3103],[80.8695,30.3061],[80.8748,30.3031],[80.8758,30.2986],[80.8842,30.2983],[80.8873,30.2963],[80.8888,30.2983],[80.8959,30.2996],[80.9104,30.3004],[80.9114,30.2987],[80.9094,30.2956],[80.9102,30.293],[80.9174,30.2846],[80.9291,30.2802],[80.9337,30.275],[80.9328,30.2727],[80.928,30.2701],[80.9284,30.2658],[80.9377,30.2595],[80.9421,30.2635],[80.951,30.2666],[80.9591,30.2675],[80.9628,30.2662],[80.9847,30.2687],[80.9888,30.2656],[80.9968,30.2646],[81.0243,30.2461],[81.0358,30.2343],[81.0306,30.233],[81.0281,30.2293],[81.0275,30.2269],[81.0309,30.2261],[81.0316,30.2244],[81.0306,30.2202],[81.0416,30.2155],[81.0469,30.2102],[81.0474,30.2073],[81.045,30.2046],[81.036,30.2016],[81.037,30.1984],[81.0353,30.197],[81.0442,30.1936],[81.0456,30.1806],[81.0534,30.179],[81.0579,30.1734],[81.0587,30.1699],[81.0633,30.1678],[81.0658,30.1588],[81.0791,30.1549],[81.0849,30.1482],[81.0835,30.1413],[81.0846,30.1358],[81.08,30.1247],[81.0863,30.1169],[81.0862,30.1067],[81.083,30.1006],[81.0888,30.099],[81.0964,30.1008],[81.1001,30.1],[81.1037,30.0972],[81.1064,30.0912],[81.1098,30.088],[81.1102,30.0845],[81.1079,30.0793],[81.109,30.0778],[81.1026,30.0748],[81.1006,30.0647],[81.0926,30.0542],[81.101,30.0477],[81.1084,30.0444],[81.1094,30.0396],[81.1125,30.0357],[81.1199,30.0342],[81.1239,30.0285],[81.1259,30.0202],[81.1351,30.0161],[81.1458,30.0163],[81.1511,30.0116],[81.1581,30.0125],[81.1654,30.0105],[81.1728,30.0145],[81.1794,30.0151],[81.1858,30.0108],[81.1966,30.0229],[81.2057,30.022],[81.2095,30.0205],[81.2124,30.0156],[81.216,30.014],[81.2192,30.0073],[81.2335,30.0077],[81.2417,30.0126],[81.2471,30.0112],[81.2554,30.0197],[81.255,30.0237],[81.2392,30.0319],[81.2518,30.0386],[81.2638,30.0399],[81.2657,30.0434],[81.2737,30.0453],[81.2831,30.0435],[81.2864,30.0376],[81.2928,30.035],[81.3086,30.0311],[81.3115,30.0329],[81.3164,30.0327],[81.3204,30.0256],[81.3335,30.0241],[81.3482,30.0188],[81.3588,30.0106],[81.3766,30.01],[81.3784,30.0065],[81.3837,30.0072],[81.3854,30.0133],[81.392,30.0169],[81.4013,30.0181],[81.4031,30.0228],[81.4066,30.0197],[81.4144,30.0186],[81.4231,30.0116],[81.432,30.0076],[81.442,30.007],[81.4463,30.003],[81.4563,30.0024],[81.4649,29.9956],[81.4625,29.9858],[81.4718,29.9751],[81.4701,29.9711],[81.4705,29.9637],[81.4659,29.9579],[81.4627,29.9577],[81.4552,29.9518],[81.4546,29.949],[81.4604,29.9426],[81.4566,29.9348],[81.4608,29.9318],[81.4621,29.924],[81.4645,29.921],[81.4619,29.9181],[81.4634,29.9133],[81.4588,29.9057],[81.4582,29.9012],[81.4663,29.8934],[81.4725,29.8898],[81.4816,29.8921],[81.4945,29.8872],[81.4974,29.89],[81.5058,29.8929],[81.5187,29.9043],[81.5138,29.9162],[81.5187,29.9228],[81.5301,29.9241],[81.5367,29.9276],[81.544,29.9271],[81.5512,29.9232],[81.5572,29.9271],[81.5614,29.9262],[81.5661,29.9309],[81.572,29.9335],[81.5794,29.9339],[81.5867,29.9369],[81.5928,29.9307],[81.6044,29.9302],[81.607,29.9325],[81.6078,29.9372],[81.6147,29.9432],[81.6204,29.9385],[81.6232,29.9395],[81.6284,29.9384],[81.6362,29.9408],[81.639,29.9449],[81.6474,29.9482],[81.6549,29.9429],[81.6592,29.9434],[81.6669,29.9403],[81.6725,29.9407],[81.6896,29.9491],[81.6997,29.9415],[81.7008,29.938],[81.6993,29.9315],[81.7115,29.9269],[81.7126,29.9143],[81.7178,29.9094],[81.7284,29.9123],[81.7331,29.9108],[81.7352,29.9079],[81.744,29.9073],[81.7568,29.9085],[81.7636,29.9124],[81.7712,29.9095],[81.7818,29.9111],[81.7845,29.9086],[81.7874,29.9104],[81.7905,29.9096],[81.8014,29.9006],[81.8006,29.8967],[81.7955,29.8955],[81.7982,29.8904],[81.799,29.8788],[81.7971,29.8604],[81.7934,29.8538],[81.796,29.8488],[81.791,29.8433],[81.7826,29.8393],[81.7848,29.8372],[81.7852,29.8305],[81.7834,29.8249],[81.7846,29.8222],[81.781,29.8144],[81.7822,29.8071],[81.7755,29.7981],[81.7663,29.8018],[81.76,29.7974],[81.7572,29.7968],[81.7548,29.7987],[81.7414,29.7922],[81.742,29.7893],[81.739,29.7846],[81.738,29.7769],[81.732,29.7692],[81.7346,29.7592],[81.7286,29.7479],[81.7283,29.744],[81.7301,29.7416],[81.728,29.7372],[81.7288,29.7341],[81.7249,29.7296],[81.7217,29.7292],[81.7158,29.7223],[81.7105,29.7003],[81.6989,29.6783],[81.7013,29.6619],[81.704,29.6555],[81.7021,29.6475],[81.7054,29.6454],[81.7012,29.6421],[81.7044,29.6419],[81.7047,29.6372],[81.7113,29.6323],[81.7115,29.6271],[81.7149,29.6252],[81.7176,29.6208],[81.7217,29.6211],[81.7225,29.6164],[81.7298,29.615],[81.7387,29.6066],[81.7523,29.6049],[81.7756,29.6058],[81.7797,29.5997],[81.7915,29.5966],[81.7928,29.5938],[81.7917,29.5897],[81.8004,29.5766],[81.8008,29.5592],[81.7994,29.5521],[81.7954,29.5478],[81.7922,29.5405],[81.7947,29.5306],[81.7875,29.5284],[81.7842,29.5247],[81.7829,29.5204],[81.7791,29.5173],[81.7824,29.5091],[81.7767,29.508],[81.771,29.5093],[81.7643,29.5053],[81.781,29.5012],[81.7857,29.5023],[81.7899,29.5],[81.7912,29.4949],[81.8057,29.4751],[81.8089,29.4661],[81.81,29.4563],[81.805,29.4473],[81.8072,29.4393],[81.804,29.4317],[81.8008,29.4291],[81.8006,29.4209],[81.7986,29.4146],[81.7995,29.4124],[81.7983,29.4084],[81.7996,29.4066],[81.7963,29.3994],[81.7923,29.396],[81.7912,29.389],[81.7706,29.3922],[81.7687,29.3904],[81.7683,29.3857],[81.7637,29.3868],[81.7622,29.3857],[81.7583,29.3756],[81.7515,29.3665],[81.751,29.3622],[81.753,29.3591],[81.752,29.3541],[81.7541,29.3518],[81.7492,29.3466],[81.7473,29.3389],[81.7415,29.3339],[81.7317,29.3352],[81.7178,29.3313],[81.705,29.3306],[81.6957,29.3254],[81.6927,29.3205],[81.6847,29.3195],[81.6801,29.3214],[81.6718,29.3169],[81.6646,29.3196],[81.6502,29.3211],[81.6482,29.3235],[81.6483,29.328],[81.6443,29.3318],[81.6437,29.3344],[81.6458,29.3434],[81.6455,29.3555],[81.6409,29.3557],[81.6401,29.3615],[81.6365,29.3644],[81.6293,29.3661],[81.6274,29.3688],[81.6155,29.3707],[81.6102,29.3672],[81.5851,29.3651],[81.5814,29.3625],[81.5781,29.3628],[81.575,29.3607],[81.5751,29.3551],[81.5728,29.3504],[81.5688,29.3478],[81.5628,29.3514],[81.5602,29.3579],[81.5522,29.3495],[81.5524,29.3457],[81.5491,29.3382],[81.5422,29.3322],[81.5377,29.3311],[81.5307,29.3261],[81.5257,29.3151],[81.5199,29.3149],[81.517,29.312],[81.5097,29.3146],[81.5018,29.2973],[81.4925,29.2906],[81.4856,29.2796],[81.4698,29.2718],[81.4794,29.264],[81.493,29.2616],[81.4965,29.2571],[81.495,29.2522],[81.497,29.2448],[81.5014,29.2388],[81.4966,29.2363],[81.4883,29.2254],[81.4875,29.2108],[81.4839,29.2005],[81.4865,29.1927],[81.4925,29.185],[81.4917,29.1805],[81.4886,29.1759],[81.4891,29.1729],[81.4924,29.1698],[81.497,29.1688],[81.4971,29.1599],[81.5009,29.1517],[81.5138,29.1512],[81.5153,29.153],[81.5201,29.1536],[81.5264,29.1527],[81.5351,29.1465],[81.5348,29.1409],[81.5371,29.1368],[81.5542,29.1285],[81.5673,29.1261],[81.5531,29.1196],[81.5385,29.1067],[81.5253,29.1042],[81.5199,29.0965],[81.5165,29.0954],[81.5117,29.0907],[81.5024,29.0911],[81.4711,29.0781],[81.4686,29.067],[81.4611,29.0646],[81.4459,29.0537],[81.4447,29.0469],[81.4414,29.0402],[81.4345,29.0375],[81.4318,29.0294],[81.4273,29.0229],[81.4196,29.0213],[81.4167,29.0138],[81.4208,29.0042],[81.4191,29.0006],[81.4119,28.9969],[81.4169,28.9943],[81.4179,28.9914],[81.422,28.988],[81.4233,28.9834],[81.4269,28.9802],[81.4274,28.9776],[81.4242,28.9704],[81.4258,28.9663],[81.43,28.9645],[81.4345,28.957],[81.4389,28.9566],[81.444,28.9601],[81.4457,28.9585],[81.4464,28.9404],[81.4531,28.9389],[81.4568,28.9348],[81.4577,28.931],[81.4683,28.9288],[81.4755,28.9166],[81.4825,28.909],[81.485,28.9027],[81.4934,28.8941],[81.5022,28.8894],[81.5107,28.8897],[81.5119,28.8838],[81.5169,28.8744],[81.5239,28.8699],[81.5296,28.8595],[81.5337,28.856],[81.5396,28.8426],[81.5396,28.8363],[81.5451,28.831],[81.5507,28.8188],[81.5536,28.8158],[81.554,28.8095],[81.5587,28.7975],[81.5816,28.78],[81.5838,28.7648],[81.5816,28.7569],[81.5793,28.7552],[81.5699,28.7546],[81.55,28.7491],[81.5222,28.749],[81.5225,28.7514],[81.5313,28.7556],[81.5368,28.7612],[81.5296,28.7745],[81.5199,28.7768],[81.5172,28.7803],[81.5177,28.788],[81.5202,28.7957],[81.5249,28.7991],[81.5241,28.8032],[81.5197,28.8069],[81.5119,28.8092],[81.5,28.8212],[81.4957,28.8331],[81.4926,28.837],[81.4923,28.8409],[81.4835,28.8427],[81.476,28.849],[81.465,28.8527],[81.4647,28.8551],[81.4692,28.8618],[81.4677,28.8694],[81.464,28.8751],[81.4642,28.8805],[81.4687,28.8873],[81.4667,28.8936],[81.4424,28.9003],[81.4375,28.9043],[81.4335,28.9106],[81.4263,28.9093],[81.4204,28.9108],[81.4159,28.9141],[81.4053,28.909],[81.3961,28.9084],[81.3892,28.8999],[81.3766,28.8929],[81.357,28.8897],[81.3494,28.8901],[81.3441,28.8926],[81.3407,28.8956],[81.3389,28.8999],[81.3383,28.9069],[81.3339,28.9088],[81.3259,28.908],[81.318,28.9201],[81.3116,28.92],[81.3038,28.9257],[81.2852,28.9215],[81.2834,28.9187],[81.2775,28.9162],[81.2741,28.9074],[81.2679,28.9026],[81.263,28.9029],[81.2534,28.9136],[81.2474,28.9151],[81.243,28.9139],[81.2384,28.9059],[81.2059,28.908],[81.1962,28.9161],[81.1861,28.9148],[81.1705,28.9214],[81.1571,28.9336],[81.1485,28.9382],[81.1439,28.9453],[81.1343,28.9487],[81.1284,28.9574],[81.121,28.9634],[81.1094,28.966],[81.1007,28.9638],[81.0912,28.9677],[81.0667,28.9702],[81.0587,28.9732],[81.0516,28.9782],[81.0498,28.9779],[81.0435,28.97],[81.0302,28.9632],[81.0282,28.9587],[81.0225,28.9528],[81.0196,28.9523],[81.0122,28.9568],[81.005,28.9571],[81.0003,28.9549],[80.9939,28.9476],[80.9834,28.9402],[80.9832,28.9381],[80.9889,28.934],[80.9994,28.9289],[81.0092,28.9275],[81.0229,28.9198],[81.0275,28.9117],[81.0321,28.908],[81.0409,28.8901],[81.0471,28.8862],[81.0532,28.8768],[81.0605,28.8734],[81.069,28.8773],[81.074,28.8767],[81.0756,28.8751],[81.0735,28.8681],[81.0746,28.8648],[81.0909,28.8628],[81.0944,28.856],[81.1041,28.8447],[81.1097,28.8485],[81.1277,28.8516],[81.1291,28.8551],[81.1286,28.8612],[81.1308,28.8651],[81.1387,28.8722],[81.1451,28.873],[81.1467,28.8709],[81.1468,28.8624],[81.1509,28.8526],[81.1594,28.8443],[81.1547,28.8303],[81.1585,28.8286],[81.1671,28.8348],[81.1758,28.8349],[81.1798,28.828],[81.1835,28.825],[81.1973,28.8212],[81.2051,28.8167],[81.2088,28.8203],[81.2084,28.8252],[81.1969,28.833],[81.2011,28.8465],[81.2007,28.8611],[81.2041,28.8636],[81.2083,28.862],[81.2102,28.8575],[81.2072,28.8543],[81.2079,28.8503],[81.2135,28.844],[81.226,28.8388],[81.2277,28.8354],[81.2337,28.8318],[81.2355,28.8296],[81.2314,28.8259],[81.2316,28.8167],[81.2438,28.8108],[81.2408,28.803],[81.2297,28.7989],[81.2276,28.7951],[81.2344,28.786],[81.2469,28.7821],[81.2495,28.7796],[81.2525,28.77],[81.249,28.7608],[81.2525,28.7549],[81.2613,28.7501],[81.2628,28.7458],[81.2581,28.7348],[81.2578,28.7299],[81.271,28.7288],[81.2742,28.727],[81.2749,28.7172],[81.2682,28.7041],[81.2801,28.6981],[81.2829,28.695],[81.2892,28.6634],[81.2895,28.6485],[81.288,28.6454],[81.2834,28.6389],[81.2728,28.6301],[81.2705,28.6177],[81.2614,28.612],[81.2504,28.594],[81.226,28.5708],[81.1997,28.553],[81.1698,28.5241],[81.1694,28.5206],[81.1645,28.5133],[81.1619,28.5013],[81.1549,28.5019],[81.149,28.4981],[81.1472,28.4962],[81.1498,28.4969],[81.1491,28.4959],[81.1397,28.4908],[81.1317,28.4821],[81.1225,28.475],[81.1165,28.4725],[81.1107,28.4613],[81.0963,28.4597],[81.0923,28.4568],[81.0876,28.4383],[81.0786,28.4334],[81.0703,28.4257],[81.0662,28.4207],[81.0613,28.4098],[81.0611,28.4074],[81.0688,28.3995],[81.0691,28.3944],[81.0477,28.4099],[81.0366,28.4133],[81.0341,28.3987],[81.0228,28.4103],[81.0185,28.4157],[81.0355,28.4279],[81.0313,28.4385],[81.021,28.4316],[81.0147,28.4382],[81.0192,28.4516],[81.0015,28.4539],[80.9909,28.4416],[80.9796,28.4424],[80.9808,28.4343],[80.967,28.4377],[80.9698,28.4428],[80.9666,28.4447],[80.9816,28.4552],[80.9688,28.4569],[80.9658,28.4495],[80.9535,28.4475],[80.9533,28.4555],[80.9465,28.4547],[80.934,28.4585],[80.947,28.4661],[80.9443,28.4684],[80.9341,28.463],[80.9323,28.4576],[80.9193,28.4597],[80.9213,28.4637],[80.9162,28.4677],[80.9174,28.4576],[80.9074,28.4657],[80.9032,28.4856],[80.9087,28.4896],[80.9103,28.4975],[80.9015,28.5004],[80.8978,28.5056],[80.8776,28.5097],[80.8633,28.5041],[80.8673,28.4895],[80.857,28.497],[80.8462,28.4953],[80.8453,28.4997],[80.8317,28.5117],[80.8172,28.5206],[80.8015,28.5211],[80.7907,28.5243],[80.7863,28.5292],[80.7912,28.5433],[80.7844,28.5467],[80.7712,28.5496],[80.7697,28.5656],[80.7401,28.5742],[80.7405,28.5658],[80.7262,28.5747],[80.7163,28.5678],[80.7056,28.5787],[80.692,28.587],[80.6974,28.6033],[80.6791,28.6043],[80.6813,28.6204],[80.6725,28.6283],[80.6693,28.6418],[80.6529,28.6339],[80.6432,28.6432],[80.635,28.6373],[80.6133,28.6392],[80.6079,28.6523],[80.5914,28.6477],[80.5993,28.6559],[80.5819,28.6612],[80.5921,28.6797],[80.5704,28.6879],[80.5518,28.6915],[80.5415,28.6906],[80.5078,28.6709],[80.5052,28.6652],[80.513,28.6237],[80.5165,28.6159],[80.5233,28.5768],[80.5273,28.5732],[80.5316,28.5748],[80.5324,28.5722],[80.5246,28.5529],[80.5216,28.5542],[80.5193,28.5518],[80.5169,28.5573],[80.5081,28.568],[80.5015,28.5696],[80.4966,28.5753],[80.4854,28.582],[80.4828,28.5853],[80.4771,28.583],[80.4699,28.5833],[80.4727,28.5845],[80.4734,28.5902],[80.4679,28.6007],[80.4642,28.6125],[80.462,28.6137],[80.4635,28.6154],[80.466,28.6149],[80.4646,28.617],[80.4613,28.6175],[80.4634,28.6186],[80.4622,28.6216],[80.4579,28.6235],[80.4533,28.6286],[80.4443,28.6284],[80.4394,28.6353],[80.4201,28.639],[80.4164,28.6391],[80.3878,28.6296],[80.3846,28.6306],[80.378,28.6283],[80.376,28.63],[80.373,28.6291],[80.3726,28.6323],[80.3693,28.6352],[80.3624,28.6355],[80.3589,28.6406],[80.3621,28.6453],[80.3574,28.6467],[80.355,28.6503],[80.349,28.6543],[80.3276,28.6663],[80.3276,28.6698],[80.3229,28.6812],[80.3243,28.6857],[80.3236,28.6914],[80.319,28.6998],[80.3096,28.7046],[80.3006,28.7064],[80.2986,28.7097],[80.2953,28.7113],[80.2793,28.7099],[80.2579,28.7293],[80.2647,28.7342],[80.2668,28.7435],[80.2626,28.7503],[80.2531,28.7573],[80.2432,28.7561],[80.2352,28.7592],[80.2177,28.7553],[80.1726,28.7823],[80.1401,28.8138],[80.1198,28.8288],[80.0767,28.8243],[80.0664,28.8373],[80.0601,28.9164],[80.0977,28.9753],[80.1019,28.9864],[80.1196,28.9816],[80.1285,29.006],[80.1373,29.0073],[80.138,29.0096],[80.1262,29.013],[80.133,29.0304],[80.1281,29.0317],[80.1382,29.0589],[80.1302,29.061],[80.1461,29.103],[80.1656,29.1169],[80.1695,29.1257],[80.1798,29.1285],[80.1851,29.1371],[80.1983,29.1307],[80.2051,29.1293],[80.2114,29.1218],[80.235,29.1184],[80.2505,29.129],[80.2558,29.1379],[80.2733,29.1421],[80.2745,29.144],[80.2735,29.1467],[80.2673,29.1535],[80.26,29.1658],[80.2601,29.1704],[80.2623,29.1746],[80.2596,29.1873],[80.2518,29.1956],[80.2436,29.2004],[80.2425,29.2024],[80.2461,29.2124],[80.2488,29.2153],[80.25,29.221],[80.2544,29.2214],[80.2577,29.2194],[80.2595,29.2107],[80.2625,29.2067],[80.2767,29.207],[80.2889,29.1952],[80.295,29.1973],[80.299,29.2051],[80.2957,29.2112],[80.2977,29.2214],[80.2924,29.2316],[80.302,29.2421],[80.3002,29.2496],[80.3019,29.255],[80.3009,29.2605],[80.3057,29.2728],[80.306,29.2853],[80.3078,29.289],[80.3131,29.2916],[80.3196,29.3016],[80.3202,29.3039],[80.3176,29.3082],[80.3186,29.3148],[80.3101,29.3228],[80.2979,29.3242],[80.2926,29.3307],[80.2922,29.3367],[80.2863,29.3406],[80.2818,29.3462],[80.281,29.3594],[80.2728,29.3645],[80.273,29.3737],[80.2806,29.3785],[80.2746,29.3862],[80.2773,29.3912],[80.2763,29.393],[80.2477,29.4074],[80.2433,29.4116],[80.2476,29.4161],[80.2457,29.4235],[80.2492,29.4347],[80.2486,29.4377],[80.2447,29.4411],[80.2446,29.4438],[80.2469,29.4465],[80.2573,29.448],[80.2598,29.4518],[80.2686,29.4485],[80.2715,29.4507],[80.276,29.4495],[80.2757,29.4526],[80.2709,29.455],[80.2779,29.4585],[80.2822,29.4576],[80.2807,29.4539],[80.2822,29.4509],[80.2877,29.4517],[80.29,29.4501],[80.2961,29.4538],[80.2993,29.4508],[80.3042,29.4531],[80.3033,29.4566],[80.2982,29.4604],[80.2892,29.4728],[80.2883,29.4769],[80.2947,29.4789],[80.298,29.4834],[80.2977,29.4881],[80.3008,29.4906],[80.3025,29.4906],[80.3062,29.486],[80.3148,29.4845],[80.3163,29.4899],[80.3145,29.4966],[80.3156,29.499],[80.3304,29.5053],[80.334,29.5129],[80.343,29.51],[80.3513,29.5189],[80.3502,29.5241],[80.3572,29.5278],[80.3597,29.5325],[80.3503,29.5405],[80.3435,29.5403],[80.3433,29.5428],[80.3474,29.5486],[80.3444,29.5529],[80.3506,29.5553],[80.3657,29.5566],[80.364,29.5615],[80.3653,29.5641],[80.3805,29.5613],[80.3808,29.5715],[80.3896,29.5718],[80.3919,29.5746],[80.3931,29.5816],[80.4049,29.5896],[80.4097,29.5954],[80.4106,29.6047],[80.4074,29.6128],[80.4099,29.6151],[80.4098,29.62],[80.4124,29.625],[80.4198,29.6264],[80.4227,29.6298],[80.4211,29.634],[80.4219,29.6391],[80.4157,29.6443],[80.4182,29.651],[80.4162,29.654],[80.4118,29.6537],[80.4074,29.66],[80.3998,29.6588],[80.4007,29.6624],[80.3926,29.6642],[80.391,29.6674],[80.3918,29.6711],[80.3862,29.6744],[80.385,29.6795],[80.387,29.6851],[80.3821,29.6886],[80.3816,29.701],[80.3788,29.7025],[80.3762,29.7129],[80.3737,29.7153],[80.3771,29.7182],[80.3771,29.7203],[80.3702,29.7217],[80.3678,29.7248],[80.3679,29.7299],[80.3714,29.7344],[80.3659,29.7398],[80.3675,29.7478],[80.3704,29.751],[80.3741,29.7492],[80.3875,29.7504],[80.3869,29.7585],[80.3919,29.7604],[80.3962,29.7583],[80.3992,29.7593],[80.3981,29.7651],[80.4016,29.7738],[80.4063,29.7784],[80.4054,29.7818],[80.4088,29.784],[80.4086,29.7945],[80.4148,29.7919],[80.4177,29.7957],[80.4306,29.7981],[80.4365,29.806],[80.439,29.8054],[80.4421,29.8012],[80.4459,29.7991],[80.4508,29.7992],[80.4559,29.8024],[80.4657,29.8023],[80.4813,29.7957],[80.4951,29.7955],[80.4962,29.7984],[80.4944,29.802],[80.4967,29.8022],[80.4972,29.8048],[80.502,29.8087],[80.4991,29.8116],[80.509,29.8231],[80.5235,29.827],[80.5256,29.8292],[80.5255,29.8321],[80.5299,29.8335],[80.5329,29.8382],[80.5376,29.8387],[80.5406,29.8472],[80.5454,29.8463],[80.5502,29.8501],[80.5544,29.8504],[80.5552,29.853],[80.5533,29.8565],[80.5565,29.8621],[80.5633,29.8664],[80.5592,29.8686],[80.5586,29.8706],[80.5677,29.8792],[80.5744,29.8953],[80.5714,29.909],[80.576,29.9235],[80.58,29.9282],[80.5831,29.9363],[80.5971,29.9531],[80.6057,29.9589],[80.6104,29.9586],[80.6232,29.964],[80.6316,29.9652],[80.6397,29.9629],[80.6424,29.9597],[80.6503,29.9559],[80.6585,29.9552],[80.6749,29.9569],[80.6797,29.9589],[80.6844,29.963],[80.6854,29.9669],[80.6918,29.9742],[80.6988,29.9795],[80.7022,29.98],[80.7063,29.9857],[80.7141,29.9902],[80.7211,30.0002],[80.7398,29.9995],[80.7494,30.0066],[80.7559,30.0204],[80.7593,30.0239],[80.76,30.0276],[80.7572,30.0317],[80.7574,30.0396],[80.7611,30.0435],[80.7601,30.0451],[80.763,30.0495],[80.7812,30.0567],[80.7908,30.0693],[80.7916,30.0731],[80.8012,30.0809],[80.8075,30.0897],[80.8157,30.093],[80.8172,30.0964],[80.8212,30.0971],[80.8235,30.0998],[80.828,30.1001],[80.8318,30.0972],[80.8382,30.0973],[80.8425,30.0994],[80.847,30.1023],[80.8476,30.1047],[80.8479,30.1066],[80.8436,30.1104],[80.846,30.1155],[80.8567,30.1203],[80.8643,30.1209],[80.8697,30.1254],[80.8758,30.1262],[80.8797,30.1292],[80.8803,30.133],[80.8727,30.1533],[80.8729,30.1613],[80.8687,30.1666],[80.8657,30.1671],[80.8607,30.1722],[80.8495,30.187],[80.8416,30.1932],[80.8342,30.2053],[80.8292,30.208],[80.821,30.224],[80.8138,30.2261],[80.8117,30.2293],[80.8068,30.2311],[80.7967,30.2391],[80.7903,30.2467],[80.7832,30.2617],[80.7781,30.2654],[80.7781,30.2671],[80.7688,30.2777],[80.7635,30.2789],[80.7613,30.2877],[80.7621,30.2954],[80.7604,30.3025],[80.7576,30.3062],[80.7534,30.308],[80.7443,30.3062],[80.7381,30.3084],[80.7357,30.311],[80.7348,30.3171],[80.7194,30.3253],[80.7169,30.3291],[80.7087,30.3307],[80.7025,30.3344],[80.687,30.3328],[80.6687,30.343],[80.6612,30.3536],[80.661,30.3612],[80.6559,30.3789],[80.6487,30.3852],[80.6405,30.3887],[80.6345,30.4043],[80.6288,30.4092],[80.6304,30.417],[80.6249,30.4215],[80.624,30.4315],[80.6134,30.4442],[80.6036,30.4476],[80.5946,30.4477],[80.5908,30.4453],[80.5697,30.4412],[80.5596,30.4298],[80.5543,30.4266],[80.551,30.43],[80.5482,30.4372],[80.5496,30.4433],[80.5617,30.4501],[80.567,30.4556],[80.5673,30.4594],[80.5775,30.4599],[80.5856,30.4643],[80.5983,30.4635],[80.6009,30.4671],[80.6061,30.467]]]}}]}